"module name","licenses","repository","licenseUrl","parents"
"abbrev@1.1.0","ISC","http://github.com/isaacs/abbrev-js","http://github.com/isaacs/abbrev-js/raw/master/LICENSE","UNDEFINED"
"acorn-es7-plugin@1.1.6","MIT","https://github.com/MatAtBread/acorn-es7-plugin","https://github.com/MatAtBread/acorn-es7-plugin/raw/master/LICENSE","UNDEFINED"
"acorn@3.3.0","MIT","https://github.com/ternjs/acorn","https://github.com/ternjs/acorn/raw/master/LICENSE","UNDEFINED"
"acorn@4.0.11","MIT","https://github.com/ternjs/acorn","https://github.com/ternjs/acorn/raw/master/LICENSE","UNDEFINED"
"ajv@4.11.5","MIT","https://github.com/epoberezkin/ajv","https://github.com/epoberezkin/ajv/raw/master/LICENSE","UNDEFINED"
"align-text@0.1.4","MIT","https://github.com/jonschlinkert/align-text","https://github.com/jonschlinkert/align-text/raw/master/LICENSE","UNDEFINED"
"alphanum-sort@1.0.2","MIT","https://github.com/TrySound/alphanum-sort","https://github.com/TrySound/alphanum-sort/raw/master/LICENSE","UNDEFINED"
"amdefine@1.0.1","BSD-3-Clause OR MIT","https://github.com/jrburke/amdefine","https://github.com/jrburke/amdefine/raw/master/LICENSE","UNDEFINED"
"ansi-regex@2.1.1","MIT","https://github.com/chalk/ansi-regex","https://github.com/chalk/ansi-regex/raw/master/license","UNDEFINED"
"ansi-styles@2.2.1","MIT","https://github.com/chalk/ansi-styles","https://github.com/chalk/ansi-styles/raw/master/license","UNDEFINED"
"anymatch@1.3.0","ISC","https://github.com/es128/anymatch","https://github.com/es128/anymatch/raw/master/LICENSE","UNDEFINED"
"aproba@1.1.1","ISC","https://github.com/iarna/aproba","https://github.com/iarna/aproba/raw/master/LICENSE","UNDEFINED"
"are-we-there-yet@1.1.2","ISC","https://github.com/iarna/are-we-there-yet","https://github.com/iarna/are-we-there-yet/raw/master/LICENSE","UNDEFINED"
"argparse@1.0.9","MIT","https://github.com/nodeca/argparse","https://github.com/nodeca/argparse/raw/master/LICENSE","UNDEFINED"
"arr-diff@2.0.0","MIT","https://github.com/jonschlinkert/arr-diff","https://github.com/jonschlinkert/arr-diff/raw/master/LICENSE","UNDEFINED"
"arr-flatten@1.0.1","MIT","https://github.com/jonschlinkert/arr-flatten","https://github.com/jonschlinkert/arr-flatten/blob/master/LICENSE","UNDEFINED"
"array-filter@1.0.0","MIT","https://github.com/juliangruber/array-filter","https://github.com/juliangruber/array-filter","UNDEFINED"
"array-find-index@1.0.2","MIT","https://github.com/sindresorhus/array-find-index","https://github.com/sindresorhus/array-find-index/raw/master/license","UNDEFINED"
"array-unique@0.2.1","MIT","https://github.com/jonschlinkert/array-unique","https://github.com/jonschlinkert/array-unique/blob/master/LICENSE","UNDEFINED"
"arrify@1.0.1","MIT","https://github.com/sindresorhus/arrify","https://github.com/sindresorhus/arrify/raw/master/license","UNDEFINED"
"asn1@0.2.3","MIT","https://github.com/mcavage/node-asn1","https://github.com/mcavage/node-asn1/raw/master/LICENSE","UNDEFINED"
"assert-plus@0.2.0","MIT","https://github.com/mcavage/node-assert-plus","https://github.com/mcavage/node-assert-plus","UNDEFINED"
"assert-plus@1.0.0","MIT","https://github.com/mcavage/node-assert-plus","https://github.com/mcavage/node-assert-plus","UNDEFINED"
"assert@1.4.1","MIT","https://github.com/defunctzombie/commonjs-assert","https://github.com/defunctzombie/commonjs-assert/raw/master/LICENSE","UNDEFINED"
"ast-types@0.9.6","MIT","https://github.com/benjamn/ast-types","https://github.com/benjamn/ast-types/raw/master/LICENSE","UNDEFINED"
"async-each@1.0.1","MIT","https://github.com/paulmillr/async-each","https://github.com/paulmillr/async-each","UNDEFINED"
"async-foreach@0.1.3","MIT*","https://github.com/cowboy/javascript-sync-async-foreach","https://github.com/cowboy/javascript-sync-async-foreach/raw/master/LICENSE-MIT","UNDEFINED"
"async@0.2.10","MIT","https://github.com/caolan/async","https://github.com/caolan/async/raw/master/LICENSE","UNDEFINED"
"async@0.9.2","MIT","https://github.com/caolan/async","https://github.com/caolan/async/raw/master/LICENSE","UNDEFINED"
"async@1.5.2","MIT","https://github.com/caolan/async","https://github.com/caolan/async/raw/master/LICENSE","UNDEFINED"
"async@2.2.0","MIT","https://github.com/caolan/async","https://github.com/caolan/async/raw/master/LICENSE","UNDEFINED"
"asynckit@0.4.0","MIT","https://github.com/alexindigo/asynckit","https://github.com/alexindigo/asynckit/raw/master/LICENSE","UNDEFINED"
"autoprefixer@6.7.7","MIT","https://github.com/postcss/autoprefixer","https://github.com/postcss/autoprefixer/raw/master/LICENSE","UNDEFINED"
"aws-sign2@0.6.0","Apache-2.0","https://github.com/mikeal/aws-sign","https://github.com/mikeal/aws-sign/raw/master/LICENSE","UNDEFINED"
"aws4@1.6.0","MIT","https://github.com/mhart/aws4","https://github.com/mhart/aws4/raw/master/LICENSE","UNDEFINED"
"babel-code-frame@6.22.0","MIT","https://github.com/babel/babel/tree/master/packages/babel-code-frame","https://github.com/babel/babel/tree/master/packages/babel-code-frame","UNDEFINED"
"babel-core@6.24.0","MIT","https://github.com/babel/babel/tree/master/packages/babel-core","https://github.com/babel/babel/tree/master/packages/babel-core","UNDEFINED"
"babel-generator@6.24.0","MIT","https://github.com/babel/babel/tree/master/packages/babel-generator","https://github.com/babel/babel/tree/master/packages/babel-generator","UNDEFINED"
"babel-helper-bindify-decorators@6.22.0","MIT","https://github.com/babel/babel/tree/master/packages/babel-helper-bindify-decorators","https://github.com/babel/babel/tree/master/packages/babel-helper-bindify-decorators","UNDEFINED"
"babel-helper-builder-binary-assignment-operator-visitor@6.22.0","MIT","https://github.com/babel/babel/tree/master/packages/babel-helper-builder-binary-assignment-operator-visitor","https://github.com/babel/babel/tree/master/packages/babel-helper-builder-binary-assignment-operator-visitor","UNDEFINED"
"babel-helper-call-delegate@6.22.0","MIT","https://github.com/babel/babel/tree/master/packages/babel-helper-call-delegate","https://github.com/babel/babel/tree/master/packages/babel-helper-call-delegate","UNDEFINED"
"babel-helper-define-map@6.23.0","MIT","https://github.com/babel/babel/tree/master/packages/babel-helper-define-map","https://github.com/babel/babel/tree/master/packages/babel-helper-define-map","UNDEFINED"
"babel-helper-explode-assignable-expression@6.22.0","MIT","https://github.com/babel/babel/tree/master/packages/babel-helper-explode-assignable-expression","https://github.com/babel/babel/tree/master/packages/babel-helper-explode-assignable-expression","UNDEFINED"
"babel-helper-explode-class@6.22.0","MIT","https://github.com/babel/babel/tree/master/packages/babel-helper-explode-class","https://github.com/babel/babel/tree/master/packages/babel-helper-explode-class","UNDEFINED"
"babel-helper-function-name@6.23.0","MIT","https://github.com/babel/babel/tree/master/packages/babel-helper-function-name","https://github.com/babel/babel/tree/master/packages/babel-helper-function-name","UNDEFINED"
"babel-helper-get-function-arity@6.22.0","MIT","https://github.com/babel/babel/tree/master/packages/babel-helper-get-function-arity","https://github.com/babel/babel/tree/master/packages/babel-helper-get-function-arity","UNDEFINED"
"babel-helper-hoist-variables@6.22.0","MIT","https://github.com/babel/babel/tree/master/packages/babel-helper-hoist-variables","https://github.com/babel/babel/tree/master/packages/babel-helper-hoist-variables","UNDEFINED"
"babel-helper-optimise-call-expression@6.23.0","MIT","https://github.com/babel/babel/tree/master/packages/babel-helper-optimise-call-expression","https://github.com/babel/babel/tree/master/packages/babel-helper-optimise-call-expression","UNDEFINED"
"babel-helper-regex@6.22.0","MIT","https://github.com/babel/babel/tree/master/packages/babel-helper-regex","https://github.com/babel/babel/tree/master/packages/babel-helper-regex","UNDEFINED"
"babel-helper-remap-async-to-generator@6.22.0","MIT","https://github.com/babel/babel/tree/master/packages/babel-helper-remap-async-to-generator","https://github.com/babel/babel/tree/master/packages/babel-helper-remap-async-to-generator","UNDEFINED"
"babel-helper-replace-supers@6.23.0","MIT","https://github.com/babel/babel/tree/master/packages/babel-helper-replace-supers","https://github.com/babel/babel/tree/master/packages/babel-helper-replace-supers","UNDEFINED"
"babel-helpers@6.23.0","MIT","https://github.com/babel/babel/tree/master/packages/babel-helpers","https://github.com/babel/babel/tree/master/packages/babel-helpers","UNDEFINED"
"babel-loader@6.4.1","MIT","https://github.com/babel/babel-loader","https://github.com/babel/babel-loader/raw/master/LICENSE","UNDEFINED"
"babel-messages@6.23.0","MIT","https://github.com/babel/babel/tree/master/packages/babel-messages","https://github.com/babel/babel/tree/master/packages/babel-messages","UNDEFINED"
"babel-plugin-check-es2015-constants@6.22.0","MIT","https://github.com/babel/babel/tree/master/packages/babel-plugin-check-es2015-constants","https://github.com/babel/babel/tree/master/packages/babel-plugin-check-es2015-constants","UNDEFINED"
"babel-plugin-syntax-async-functions@6.13.0","MIT","https://github.com/babel/babel/tree/master/packages/babel-plugin-syntax-async-functions","https://github.com/babel/babel/tree/master/packages/babel-plugin-syntax-async-functions","UNDEFINED"
"babel-plugin-syntax-async-generators@6.13.0","MIT","https://github.com/babel/babel/tree/master/packages/babel-plugin-syntax-async-generators","https://github.com/babel/babel/tree/master/packages/babel-plugin-syntax-async-generators","UNDEFINED"
"babel-plugin-syntax-class-constructor-call@6.18.0","MIT","https://github.com/babel/babel/tree/master/packages/babel-plugin-syntax-class-constructor-call","https://github.com/babel/babel/tree/master/packages/babel-plugin-syntax-class-constructor-call","UNDEFINED"
"babel-plugin-syntax-class-properties@6.13.0","MIT","https://github.com/babel/babel/tree/master/packages/babel-plugin-syntax-class-properties","https://github.com/babel/babel/tree/master/packages/babel-plugin-syntax-class-properties","UNDEFINED"
"babel-plugin-syntax-decorators@6.13.0","MIT","https://github.com/babel/babel/tree/master/packages/babel-plugin-syntax-decorators","https://github.com/babel/babel/tree/master/packages/babel-plugin-syntax-decorators","UNDEFINED"
"babel-plugin-syntax-do-expressions@6.13.0","MIT","https://github.com/babel/babel/tree/master/packages/babel-plugin-syntax-do-expressions","https://github.com/babel/babel/tree/master/packages/babel-plugin-syntax-do-expressions","UNDEFINED"
"babel-plugin-syntax-dynamic-import@6.18.0","MIT","https://github.com/babel/babel/tree/master/packages/babel-plugin-syntax-dynamic-import","https://github.com/babel/babel/tree/master/packages/babel-plugin-syntax-dynamic-import","UNDEFINED"
"babel-plugin-syntax-exponentiation-operator@6.13.0","MIT","https://github.com/babel/babel/tree/master/packages/babel-plugin-syntax-exponentation-operator","https://github.com/babel/babel/tree/master/packages/babel-plugin-syntax-exponentation-operator","UNDEFINED"
"babel-plugin-syntax-export-extensions@6.13.0","MIT","https://github.com/babel/babel/tree/master/packages/babel-plugin-syntax-export-extensions","https://github.com/babel/babel/tree/master/packages/babel-plugin-syntax-export-extensions","UNDEFINED"
"babel-plugin-syntax-function-bind@6.13.0","MIT","https://github.com/babel/babel/tree/master/packages/babel-plugin-syntax-function-bind","https://github.com/babel/babel/tree/master/packages/babel-plugin-syntax-function-bind","UNDEFINED"
"babel-plugin-syntax-object-rest-spread@6.13.0","MIT","https://github.com/babel/babel/tree/master/packages/babel-plugin-syntax-object-rest-spread","https://github.com/babel/babel/tree/master/packages/babel-plugin-syntax-object-rest-spread","UNDEFINED"
"babel-plugin-syntax-trailing-function-commas@6.22.0","MIT","https://github.com/babel/babel/tree/master/packages/babel-plugin-syntax-trailing-function-commas","https://github.com/babel/babel/tree/master/packages/babel-plugin-syntax-trailing-function-commas","UNDEFINED"
"babel-plugin-transform-async-generator-functions@6.22.0","MIT","https://github.com/babel/babel/tree/master/packages/babel-plugin-transform-async-generator-functions","https://github.com/babel/babel/tree/master/packages/babel-plugin-transform-async-generator-functions","UNDEFINED"
"babel-plugin-transform-async-to-generator@6.22.0","MIT","https://github.com/babel/babel/tree/master/packages/babel-plugin-transform-async-to-generator","https://github.com/babel/babel/tree/master/packages/babel-plugin-transform-async-to-generator","UNDEFINED"
"babel-plugin-transform-class-constructor-call@6.22.0","MIT","https://github.com/babel/babel/tree/master/packages/babel-plugin-transform-class-constructor-call","https://github.com/babel/babel/tree/master/packages/babel-plugin-transform-class-constructor-call","UNDEFINED"
"babel-plugin-transform-class-properties@6.23.0","MIT","https://github.com/babel/babel/tree/master/packages/babel-plugin-transform-class-properties","https://github.com/babel/babel/tree/master/packages/babel-plugin-transform-class-properties","UNDEFINED"
"babel-plugin-transform-decorators@6.22.0","MIT","https://github.com/babel/babel/tree/master/packages/babel-plugin-transform-decorators","https://github.com/babel/babel/tree/master/packages/babel-plugin-transform-decorators","UNDEFINED"
"babel-plugin-transform-do-expressions@6.22.0","MIT","https://github.com/babel/babel/tree/master/packages/babel-plugin-transform-do-expressions","https://github.com/babel/babel/tree/master/packages/babel-plugin-transform-do-expressions","UNDEFINED"
"babel-plugin-transform-es2015-arrow-functions@6.22.0","MIT","https://github.com/babel/babel/tree/master/packages/babel-plugin-transform-es2015-arrow-functions","https://github.com/babel/babel/tree/master/packages/babel-plugin-transform-es2015-arrow-functions","UNDEFINED"
"babel-plugin-transform-es2015-block-scoped-functions@6.22.0","MIT","https://github.com/babel/babel/tree/master/packages/babel-plugin-transform-es2015-block-scoped-functions","https://github.com/babel/babel/tree/master/packages/babel-plugin-transform-es2015-block-scoped-functions","UNDEFINED"
"babel-plugin-transform-es2015-block-scoping@6.23.0","MIT","https://github.com/babel/babel/tree/master/packages/babel-plugin-transform-es2015-block-scoping","https://github.com/babel/babel/tree/master/packages/babel-plugin-transform-es2015-block-scoping","UNDEFINED"
"babel-plugin-transform-es2015-classes@6.23.0","MIT","https://github.com/babel/babel/tree/master/packages/babel-plugin-transform-es2015-classes","https://github.com/babel/babel/tree/master/packages/babel-plugin-transform-es2015-classes","UNDEFINED"
"babel-plugin-transform-es2015-computed-properties@6.22.0","MIT","https://github.com/babel/babel/tree/master/packages/babel-plugin-transform-es2015-computed-properties","https://github.com/babel/babel/tree/master/packages/babel-plugin-transform-es2015-computed-properties","UNDEFINED"
"babel-plugin-transform-es2015-destructuring@6.23.0","MIT","https://github.com/babel/babel/tree/master/packages/babel-plugin-transform-es2015-destructuring","https://github.com/babel/babel/tree/master/packages/babel-plugin-transform-es2015-destructuring","UNDEFINED"
"babel-plugin-transform-es2015-duplicate-keys@6.22.0","MIT","https://github.com/babel/babel/tree/master/packages/babel-plugin-transform-es2015-duplicate-keys","https://github.com/babel/babel/tree/master/packages/babel-plugin-transform-es2015-duplicate-keys","UNDEFINED"
"babel-plugin-transform-es2015-for-of@6.23.0","MIT","https://github.com/babel/babel/tree/master/packages/babel-plugin-transform-es2015-for-of","https://github.com/babel/babel/tree/master/packages/babel-plugin-transform-es2015-for-of","UNDEFINED"
"babel-plugin-transform-es2015-function-name@6.22.0","MIT","https://github.com/babel/babel/tree/master/packages/babel-plugin-transform-es2015-function-name","https://github.com/babel/babel/tree/master/packages/babel-plugin-transform-es2015-function-name","UNDEFINED"
"babel-plugin-transform-es2015-literals@6.22.0","MIT","https://github.com/babel/babel/tree/master/packages/babel-plugin-transform-es2015-literals","https://github.com/babel/babel/tree/master/packages/babel-plugin-transform-es2015-literals","UNDEFINED"
"babel-plugin-transform-es2015-modules-amd@6.24.0","MIT","https://github.com/babel/babel/tree/master/packages/babel-plugin-transform-es2015-modules-amd","https://github.com/babel/babel/tree/master/packages/babel-plugin-transform-es2015-modules-amd","UNDEFINED"
"babel-plugin-transform-es2015-modules-commonjs@6.24.0","MIT","https://github.com/babel/babel/tree/master/packages/babel-plugin-transform-es2015-modules-commonjs","https://github.com/babel/babel/tree/master/packages/babel-plugin-transform-es2015-modules-commonjs","UNDEFINED"
"babel-plugin-transform-es2015-modules-systemjs@6.23.0","MIT","https://github.com/babel/babel/tree/master/packages/babel-plugin-transform-es2015-modules-systemjs","https://github.com/babel/babel/tree/master/packages/babel-plugin-transform-es2015-modules-systemjs","UNDEFINED"
"babel-plugin-transform-es2015-modules-umd@6.24.0","MIT","https://github.com/babel/babel/tree/master/packages/babel-plugin-transform-es2015-modules-umd","https://github.com/babel/babel/tree/master/packages/babel-plugin-transform-es2015-modules-umd","UNDEFINED"
"babel-plugin-transform-es2015-object-super@6.22.0","MIT","https://github.com/babel/babel/tree/master/packages/babel-plugin-transform-es2015-object-super","https://github.com/babel/babel/tree/master/packages/babel-plugin-transform-es2015-object-super","UNDEFINED"
"babel-plugin-transform-es2015-parameters@6.23.0","MIT","https://github.com/babel/babel/tree/master/packages/babel-plugin-transform-es2015-parameters","https://github.com/babel/babel/tree/master/packages/babel-plugin-transform-es2015-parameters","UNDEFINED"
"babel-plugin-transform-es2015-shorthand-properties@6.22.0","MIT","https://github.com/babel/babel/tree/master/packages/babel-plugin-transform-es2015-shorthand-properties","https://github.com/babel/babel/tree/master/packages/babel-plugin-transform-es2015-shorthand-properties","UNDEFINED"
"babel-plugin-transform-es2015-spread@6.22.0","MIT","https://github.com/babel/babel/tree/master/packages/babel-plugin-transform-es2015-spread","https://github.com/babel/babel/tree/master/packages/babel-plugin-transform-es2015-spread","UNDEFINED"
"babel-plugin-transform-es2015-sticky-regex@6.22.0","MIT","https://github.com/babel/babel/tree/master/packages/babel-plugin-transform-es2015-sticky-regex","https://github.com/babel/babel/tree/master/packages/babel-plugin-transform-es2015-sticky-regex","UNDEFINED"
"babel-plugin-transform-es2015-template-literals@6.22.0","MIT","https://github.com/babel/babel/tree/master/packages/babel-plugin-transform-es2015-template-literals","https://github.com/babel/babel/tree/master/packages/babel-plugin-transform-es2015-template-literals","UNDEFINED"
"babel-plugin-transform-es2015-typeof-symbol@6.23.0","MIT","https://github.com/babel/babel/tree/master/packages/babel-plugin-transform-es2015-typeof-symbol","https://github.com/babel/babel/tree/master/packages/babel-plugin-transform-es2015-typeof-symbol","UNDEFINED"
"babel-plugin-transform-es2015-unicode-regex@6.22.0","MIT","https://github.com/babel/babel/tree/master/packages/babel-plugin-transform-es2015-unicode-regex","https://github.com/babel/babel/tree/master/packages/babel-plugin-transform-es2015-unicode-regex","UNDEFINED"
"babel-plugin-transform-exponentiation-operator@6.22.0","MIT","https://github.com/babel/babel/tree/master/packages/babel-plugin-transform-exponentiation-operator","https://github.com/babel/babel/tree/master/packages/babel-plugin-transform-exponentiation-operator","UNDEFINED"
"babel-plugin-transform-export-extensions@6.22.0","MIT","https://github.com/babel/babel/tree/master/packages/babel-plugin-transform-export-extensions","https://github.com/babel/babel/tree/master/packages/babel-plugin-transform-export-extensions","UNDEFINED"
"babel-plugin-transform-function-bind@6.22.0","MIT","https://github.com/babel/babel/tree/master/packages/babel-plugin-transform-function-bind","https://github.com/babel/babel/tree/master/packages/babel-plugin-transform-function-bind","UNDEFINED"
"babel-plugin-transform-object-rest-spread@6.23.0","MIT","https://github.com/babel/babel/tree/master/packages/babel-plugin-transform-object-rest-spread","https://github.com/babel/babel/tree/master/packages/babel-plugin-transform-object-rest-spread","UNDEFINED"
"babel-plugin-transform-regenerator@6.22.0","MIT","https://github.com/babel/babel/tree/master/packages/babel-plugin-transform-regenerator","https://github.com/babel/babel/tree/master/packages/babel-plugin-transform-regenerator","UNDEFINED"
"babel-plugin-transform-remove-console@6.8.1","MIT","https://github.com/babel/babili/tree/master/packages/babel-plugin-transform-remove-console","https://github.com/babel/babili/tree/master/packages/babel-plugin-transform-remove-console","UNDEFINED"
"babel-plugin-transform-runtime@6.23.0","MIT","https://github.com/babel/babel/tree/master/packages/babel-plugin-transform-runtime","https://github.com/babel/babel/tree/master/packages/babel-plugin-transform-runtime","UNDEFINED"
"babel-plugin-transform-strict-mode@6.22.0","MIT","https://github.com/babel/babel/tree/master/packages/babel-plugin-transform-strict-mode","https://github.com/babel/babel/tree/master/packages/babel-plugin-transform-strict-mode","UNDEFINED"
"babel-polyfill@6.23.0","MIT","https://github.com/babel/babel/tree/master/packages/babel-polyfill","https://github.com/babel/babel/tree/master/packages/babel-polyfill","UNDEFINED"
"babel-preset-es2015@6.24.0","MIT","https://github.com/babel/babel/tree/master/packages/babel-preset-es2015","https://github.com/babel/babel/tree/master/packages/babel-preset-es2015","UNDEFINED"
"babel-preset-stage-0@6.22.0","MIT","https://github.com/babel/babel/tree/master/packages/babel-preset-stage-0","https://github.com/babel/babel/tree/master/packages/babel-preset-stage-0","UNDEFINED"
"babel-preset-stage-1@6.22.0","MIT","https://github.com/babel/babel/tree/master/packages/babel-preset-stage-1","https://github.com/babel/babel/tree/master/packages/babel-preset-stage-1","UNDEFINED"
"babel-preset-stage-2@6.22.0","MIT","https://github.com/babel/babel/tree/master/packages/babel-preset-stage-2","https://github.com/babel/babel/tree/master/packages/babel-preset-stage-2","UNDEFINED"
"babel-preset-stage-3@6.22.0","MIT","https://github.com/babel/babel/tree/master/packages/babel-preset-stage-3","https://github.com/babel/babel/tree/master/packages/babel-preset-stage-3","UNDEFINED"
"babel-register@6.24.0","MIT","https://github.com/babel/babel/tree/master/packages/babel-register","https://github.com/babel/babel/tree/master/packages/babel-register","UNDEFINED"
"babel-runtime@6.23.0","MIT","https://github.com/babel/babel/tree/master/packages/babel-runtime","https://github.com/babel/babel/tree/master/packages/babel-runtime","UNDEFINED"
"babel-template@6.23.0","MIT","https://github.com/babel/babel/tree/master/packages/babel-template","https://github.com/babel/babel/tree/master/packages/babel-template","UNDEFINED"
"babel-traverse@6.23.1","MIT","https://github.com/babel/babel/tree/master/packages/babel-traverse","https://github.com/babel/babel/tree/master/packages/babel-traverse","UNDEFINED"
"babel-types@6.23.0","MIT","https://github.com/babel/babel/tree/master/packages/babel-types","https://github.com/babel/babel/tree/master/packages/babel-types","UNDEFINED"
"babylon@6.16.1","MIT","https://github.com/babel/babylon","https://github.com/babel/babylon/raw/master/LICENSE","UNDEFINED"
"balanced-match@0.4.2","MIT","https://github.com/juliangruber/balanced-match","https://github.com/juliangruber/balanced-match/raw/master/LICENSE.md","UNDEFINED"
"base62@1.1.2","MIT","https://github.com/andrew/base62.js","https://github.com/andrew/base62.js/raw/master/LICENSE","UNDEFINED"
"base64-js@1.2.0","MIT","https://github.com/beatgammit/base64-js","https://github.com/beatgammit/base64-js/raw/master/LICENSE","UNDEFINED"
"bcrypt-pbkdf@1.0.1","BSD-3-Clause","","","UNDEFINED"
"big.js@3.1.3","MIT","https://github.com/MikeMcl/big.js","https://github.com/MikeMcl/big.js/raw/master/LICENCE","UNDEFINED"
"binary-extensions@1.8.0","MIT","https://github.com/sindresorhus/binary-extensions","https://github.com/sindresorhus/binary-extensions/raw/master/license","UNDEFINED"
"block-stream@0.0.9","ISC","https://github.com/isaacs/block-stream","https://github.com/isaacs/block-stream/raw/master/LICENCE","UNDEFINED"
"bluebird@2.11.0","MIT","https://github.com/petkaantonov/bluebird","https://github.com/petkaantonov/bluebird/raw/master/LICENSE","UNDEFINED"
"bluebird@3.5.0","MIT","https://github.com/petkaantonov/bluebird","https://github.com/petkaantonov/bluebird/raw/master/LICENSE","UNDEFINED"
"boom@2.10.1","BSD-3-Clause","https://github.com/hapijs/boom","https://github.com/hapijs/boom/raw/master/LICENSE","UNDEFINED"
"brace-expansion@1.1.6","MIT","https://github.com/juliangruber/brace-expansion","https://github.com/juliangruber/brace-expansion","UNDEFINED"
"braces@1.8.5","MIT","https://github.com/jonschlinkert/braces","https://github.com/jonschlinkert/braces/raw/master/LICENSE","UNDEFINED"
"browserify-aes@0.4.0","MIT","https://github.com/calvinmetcalf/browserify-aes","https://github.com/calvinmetcalf/browserify-aes","UNDEFINED"
"browserify-zlib@0.1.4","MIT","https://github.com/devongovett/browserify-zlib","https://github.com/devongovett/browserify-zlib","UNDEFINED"
"browserslist@1.7.7","MIT","https://github.com/ai/browserslist","https://github.com/ai/browserslist/raw/master/LICENSE","UNDEFINED"
"buffer-shims@1.0.0","MIT","https://github.com/calvinmetcalf/buffer-shims","https://github.com/calvinmetcalf/buffer-shims/raw/master/license.md","UNDEFINED"
"buffer@4.9.1","MIT","https://github.com/feross/buffer","https://github.com/feross/buffer/raw/master/LICENSE","UNDEFINED"
"builtin-modules@1.1.1","MIT","https://github.com/sindresorhus/builtin-modules","https://github.com/sindresorhus/builtin-modules/raw/master/license","UNDEFINED"
"builtin-status-codes@3.0.0","MIT","https://github.com/bendrucker/builtin-status-codes","https://github.com/bendrucker/builtin-status-codes/raw/master/license","UNDEFINED"
"call-signature@0.0.2","MIT","https://github.com/jamestalmage/call-signature","https://github.com/jamestalmage/call-signature/raw/master/license","UNDEFINED"
"camel-case@3.0.0","MIT","https://github.com/blakeembrey/camel-case","https://github.com/blakeembrey/camel-case/raw/master/LICENSE","UNDEFINED"
"camelcase-keys@2.1.0","MIT","https://github.com/sindresorhus/camelcase-keys","https://github.com/sindresorhus/camelcase-keys/raw/master/license","UNDEFINED"
"camelcase@1.2.1","MIT","https://github.com/sindresorhus/camelcase","https://github.com/sindresorhus/camelcase/raw/master/license","UNDEFINED"
"camelcase@2.1.1","MIT","https://github.com/sindresorhus/camelcase","https://github.com/sindresorhus/camelcase/raw/master/license","UNDEFINED"
"camelcase@3.0.0","MIT","https://github.com/sindresorhus/camelcase","https://github.com/sindresorhus/camelcase/raw/master/license","UNDEFINED"
"caniuse-api@1.5.3","MIT","https://github.com/nyalab/caniuse-api","https://github.com/nyalab/caniuse-api/raw/master/LICENSE","UNDEFINED"
"caniuse-db@1.0.30000646","CC-BY-4.0","https://github.com/Fyrd/caniuse","https://github.com/Fyrd/caniuse/raw/master/LICENSE","UNDEFINED"
"caseless@0.11.0","Apache-2.0","https://github.com/mikeal/caseless","https://github.com/mikeal/caseless/raw/master/LICENSE","fsevents"
"caseless@0.12.0","Apache-2.0","https://github.com/mikeal/caseless","https://github.com/mikeal/caseless/raw/master/LICENSE","UNDEFINED"
"center-align@0.1.3","MIT","https://github.com/jonschlinkert/center-align","https://github.com/jonschlinkert/center-align/raw/master/LICENSE","UNDEFINED"
"chalk@1.1.3","MIT","https://github.com/chalk/chalk","https://github.com/chalk/chalk/raw/master/license","UNDEFINED"
"change-case@3.0.1","MIT","https://github.com/blakeembrey/change-case","https://github.com/blakeembrey/change-case/raw/master/LICENSE","UNDEFINED"
"chokidar@1.6.1","MIT","https://github.com/paulmillr/chokidar","https://github.com/paulmillr/chokidar","UNDEFINED"
"clap@1.1.3","MIT","https://github.com/lahmatiy/clap","https://github.com/lahmatiy/clap/raw/master/LICENSE","UNDEFINED"
"clean-css@3.4.25","MIT","https://github.com/jakubpawlowicz/clean-css","https://github.com/jakubpawlowicz/clean-css/raw/master/LICENSE","UNDEFINED"
"cliui@2.1.0","ISC","http://github.com/bcoe/cliui","http://github.com/bcoe/cliui/raw/master/LICENSE.txt","UNDEFINED"
"cliui@3.2.0","ISC","http://github.com/yargs/cliui","http://github.com/yargs/cliui/raw/master/LICENSE.txt","UNDEFINED"
"clone@1.0.2","MIT","https://github.com/pvorb/node-clone","https://github.com/pvorb/node-clone/raw/master/LICENSE","UNDEFINED"
"co@4.6.0","MIT","https://github.com/tj/co","https://github.com/tj/co/raw/master/LICENSE","UNDEFINED"
"coa@1.0.1","MIT","https://github.com/veged/coa","https://github.com/veged/coa","UNDEFINED"
"code-point-at@1.1.0","MIT","https://github.com/sindresorhus/code-point-at","https://github.com/sindresorhus/code-point-at/raw/master/license","UNDEFINED"
"color-convert@1.9.0","MIT","https://github.com/Qix-/color-convert","https://github.com/Qix-/color-convert/raw/master/LICENSE","UNDEFINED"
"color-name@1.1.2","MIT","https://github.com/dfcreative/color-name","https://github.com/dfcreative/color-name/raw/master/LICENSE","UNDEFINED"
"color-string@0.3.0","MIT","http://github.com/harthur/color-string","http://github.com/harthur/color-string/raw/master/LICENSE","UNDEFINED"
"color@0.11.4","MIT","https://github.com/Qix-/color","https://github.com/Qix-/color/raw/master/LICENSE","UNDEFINED"
"colormin@1.1.2","MIT","https://github.com/ben-eb/colormin","https://github.com/ben-eb/colormin/raw/master/LICENSE-MIT","UNDEFINED"
"colors@1.1.2","MIT","http://github.com/Marak/colors.js","http://github.com/Marak/colors.js/raw/master/LICENSE","UNDEFINED"
"combined-stream@1.0.5","MIT","https://github.com/felixge/node-combined-stream","https://github.com/felixge/node-combined-stream/raw/master/License","UNDEFINED"
"commander@2.8.1","MIT","https://github.com/tj/commander.js","https://github.com/tj/commander.js/raw/master/LICENSE","UNDEFINED"
"commander@2.9.0","MIT","https://github.com/tj/commander.js","https://github.com/tj/commander.js/raw/master/LICENSE","UNDEFINED"
"commondir@1.0.1","MIT","http://github.com/substack/node-commondir","http://github.com/substack/node-commondir/raw/master/LICENSE","UNDEFINED"
"commoner@0.10.8","MIT","https://github.com/benjamn/commoner","https://github.com/benjamn/commoner/raw/master/LICENSE","UNDEFINED"
"complex.js@2.0.1","MIT OR GPL-2.0","https://github.com/infusion/Complex.js","https://github.com/infusion/Complex.js","UNDEFINED"
"concat-map@0.0.1","MIT","https://github.com/substack/node-concat-map","https://github.com/substack/node-concat-map/raw/master/LICENSE","UNDEFINED"
"console-browserify@1.1.0","MIT","https://github.com/Raynos/console-browserify","http://github.com/Raynos/console-browserify/raw/master/LICENSE","UNDEFINED"
"console-control-strings@1.1.0","ISC","https://github.com/iarna/console-control-strings","https://github.com/iarna/console-control-strings/raw/master/LICENSE","UNDEFINED"
"consolidate@0.14.5","MIT","https://github.com/visionmedia/consolidate.js","https://github.com/visionmedia/consolidate.js","UNDEFINED"
"constant-case@2.0.0","MIT","https://github.com/blakeembrey/constant-case","https://github.com/blakeembrey/constant-case/raw/master/LICENSE","UNDEFINED"
"constants-browserify@1.0.0","MIT","https://github.com/juliangruber/constants-browserify","https://github.com/juliangruber/constants-browserify","UNDEFINED"
"convert-source-map@1.5.0","MIT","https://github.com/thlorenz/convert-source-map","https://github.com/thlorenz/convert-source-map/raw/master/LICENSE","UNDEFINED"
"copy-paste@1.3.0","MIT*","https://github.com/xavi-/node-copy-paste","https://github.com/xavi-/node-copy-paste/raw/master/README.md","UNDEFINED"
"copy-webpack-plugin@3.0.1","MIT","https://github.com/kevlened/copy-webpack-plugin","https://github.com/kevlened/copy-webpack-plugin/raw/master/LICENSE","UNDEFINED"
"core-js@2.4.1","MIT","https://github.com/zloirock/core-js","https://github.com/zloirock/core-js/raw/master/LICENSE","UNDEFINED"
"core-util-is@1.0.2","MIT","https://github.com/isaacs/core-util-is","https://github.com/isaacs/core-util-is/raw/master/LICENSE","UNDEFINED"
"cross-spawn@3.0.1","MIT","https://github.com/IndigoUnited/node-cross-spawn","https://github.com/IndigoUnited/node-cross-spawn/raw/master/LICENSE","UNDEFINED"
"cryptiles@2.0.5","BSD-3-Clause","https://github.com/hapijs/cryptiles","https://github.com/hapijs/cryptiles/raw/master/LICENSE","UNDEFINED"
"crypto-browserify@3.3.0","MIT","https://github.com/dominictarr/crypto-browserify","https://github.com/dominictarr/crypto-browserify/raw/master/LICENSE","UNDEFINED"
"css-color-names@0.0.4","MIT","https://github.com/bahamas10/css-color-names","https://github.com/bahamas10/css-color-names","UNDEFINED"
"css-loader@0.24.0","MIT","https://github.com/webpack/css-loader","https://github.com/webpack/css-loader","UNDEFINED"
"css-selector-tokenizer@0.6.0","MIT","https://github.com/css-modules/css-selector-tokenizer","https://github.com/css-modules/css-selector-tokenizer","UNDEFINED"
"cssesc@0.1.0","MIT","https://github.com/mathiasbynens/cssesc","http://mths.be/mit","UNDEFINED"
"cssnano@3.10.0","MIT","https://github.com/ben-eb/cssnano","https://github.com/ben-eb/cssnano/raw/master/LICENSE-MIT","UNDEFINED"
"csso@2.3.2","MIT","https://github.com/css/csso","https://github.com/css/csso/raw/master/LICENSE","UNDEFINED"
"currently-unhandled@0.4.1","MIT","https://github.com/jamestalmage/currently-unhandled","https://github.com/jamestalmage/currently-unhandled/raw/master/license","UNDEFINED"
"dashdash@1.14.1","MIT","https://github.com/trentm/node-dashdash","https://github.com/trentm/node-dashdash/raw/master/LICENSE.txt","UNDEFINED"
"date-now@0.1.4","MIT","https://github.com/Colingo/date-now","http://github.com/Colingo/date-now/raw/master/LICENSE","UNDEFINED"
"de-indent@1.0.2","MIT","https://github.com/yyx990803/de-indent","https://github.com/yyx990803/de-indent","UNDEFINED"
"debug@2.2.0","MIT","https://github.com/visionmedia/debug","https://github.com/visionmedia/debug","fsevents"
"debug@2.6.3","MIT","https://github.com/visionmedia/debug","https://github.com/visionmedia/debug/raw/master/LICENSE","UNDEFINED"
"decamelize@1.2.0","MIT","https://github.com/sindresorhus/decamelize","https://github.com/sindresorhus/decamelize/raw/master/license","UNDEFINED"
"decimal.js@7.1.1","MIT","https://github.com/MikeMcl/decimal.js","https://github.com/MikeMcl/decimal.js/raw/master/LICENCE.md","UNDEFINED"
"deep-extend@0.4.1","MIT","https://github.com/unclechu/node-deep-extend","https://github.com/unclechu/node-deep-extend/raw/master/LICENSE","fsevents"
"define-properties@1.1.2","MIT","https://github.com/ljharb/define-properties","https://github.com/ljharb/define-properties/raw/master/LICENSE","UNDEFINED"
"defined@1.0.0","MIT","https://github.com/substack/defined","https://github.com/substack/defined/raw/master/LICENSE","UNDEFINED"
"delayed-stream@1.0.0","MIT","https://github.com/felixge/node-delayed-stream","https://github.com/felixge/node-delayed-stream/raw/master/License","UNDEFINED"
"delegates@1.0.0","MIT","https://github.com/visionmedia/node-delegates","https://github.com/visionmedia/node-delegates/raw/master/License","UNDEFINED"
"detect-indent@4.0.0","MIT","https://github.com/sindresorhus/detect-indent","https://github.com/sindresorhus/detect-indent/raw/master/license","UNDEFINED"
"detective@4.5.0","MIT","https://github.com/substack/node-detective","https://github.com/substack/node-detective/raw/master/LICENSE","UNDEFINED"
"diff-match-patch@1.0.0","http://www.apache.org/licenses/LICENSE-2.0","https://github.com/ForbesLindesay/diff-match-patch","https://github.com/ForbesLindesay/diff-match-patch/raw/master/LICENSE","UNDEFINED"
"domain-browser@1.1.7","MIT","http://github.com/bevry/domain-browser","http://github.com/bevry/domain-browser/raw/master/LICENSE.md","UNDEFINED"
"dot-case@2.1.1","MIT","https://github.com/blakeembrey/dot-case","https://github.com/blakeembrey/dot-case/raw/master/LICENSE","UNDEFINED"
"eastasianwidth@0.1.1","MIT","https://github.com/komagata/eastasianwidth","https://github.com/komagata/eastasianwidth","UNDEFINED"
"ecc-jsbn@0.1.1","MIT","https://github.com/quartzjer/ecc-jsbn","https://github.com/quartzjer/ecc-jsbn/raw/master/LICENSE","UNDEFINED"
"electron-to-chromium@1.3.2","ISC","https://github.com/kilian/electron-to-chromium/","https://github.com/kilian/electron-to-chromium/","UNDEFINED"
"emojis-list@2.1.0","MIT","https://github.com/kikobeats/emojis-list","https://github.com/kikobeats/emojis-list/raw/master/LICENSE.md","UNDEFINED"
"empower-core@0.6.1","MIT","http://github.com/twada/empower-core","http://github.com/twada/empower-core/raw/master/MIT-LICENSE.txt","UNDEFINED"
"empower@1.2.1","MIT","https://github.com/power-assert-js/empower","https://github.com/power-assert-js/empower/raw/master/MIT-LICENSE.txt","UNDEFINED"
"enhanced-resolve@0.9.1","MIT","https://github.com/webpack/enhanced-resolve","http://www.opensource.org/licenses/mit-license.php","UNDEFINED"
"envify@3.4.1","MIT","https://github.com/hughsk/envify","https://github.com/hughsk/envify","UNDEFINED"
"errno@0.1.4","MIT","https://github.com/rvagg/node-errno","https://github.com/rvagg/node-errno","UNDEFINED"
"error-ex@1.3.1","MIT","https://github.com/qix-/node-error-ex","https://github.com/qix-/node-error-ex/raw/master/LICENSE","UNDEFINED"
"es6-templates@0.2.3","Apache 2","https://github.com/esnext/es6-templates","https://github.com/esnext/es6-templates/raw/master/LICENSE","UNDEFINED"
"escape-string-regexp@1.0.5","MIT","https://github.com/sindresorhus/escape-string-regexp","https://github.com/sindresorhus/escape-string-regexp/raw/master/license","UNDEFINED"
"esprima-fb@15001.1.0-dev-harmony-fb","BSD","http://github.com/facebook/esprima","http://github.com/facebook/esprima/raw/master/LICENSE.BSD","UNDEFINED"
"esprima@2.7.3","BSD-2-Clause","https://github.com/jquery/esprima","https://github.com/jquery/esprima/raw/master/LICENSE.BSD","UNDEFINED"
"esprima@3.1.3","BSD-2-Clause","https://github.com/jquery/esprima","https://github.com/jquery/esprima/raw/master/LICENSE.BSD","UNDEFINED"
"espurify@1.7.0","MIT","https://github.com/estools/espurify","https://github.com/estools/espurify/raw/master/MIT-LICENSE.txt","UNDEFINED"
"estraverse@4.2.0","BSD-2-Clause","http://github.com/estools/estraverse","http://github.com/estools/estraverse/raw/master/LICENSE.BSD","UNDEFINED"
"esutils@2.0.2","BSD","http://github.com/estools/esutils","http://github.com/estools/esutils/raw/master/LICENSE.BSD","UNDEFINED"
"events@1.1.1","MIT","https://github.com/Gozala/events","https://github.com/Gozala/events/raw/master/LICENSE","UNDEFINED"
"expand-brackets@0.1.5","MIT","https://github.com/jonschlinkert/expand-brackets","https://github.com/jonschlinkert/expand-brackets/raw/master/LICENSE","UNDEFINED"
"expand-range@1.8.2","MIT","https://github.com/jonschlinkert/expand-range","https://github.com/jonschlinkert/expand-range/raw/master/LICENSE","UNDEFINED"
"extend@3.0.0","MIT","https://github.com/justmoon/node-extend","https://github.com/justmoon/node-extend/raw/master/LICENSE","UNDEFINED"
"extglob@0.3.2","MIT","https://github.com/jonschlinkert/extglob","https://github.com/jonschlinkert/extglob/raw/master/LICENSE","UNDEFINED"
"extsprintf@1.0.2","UNKNOWN","https://github.com/davepacheco/node-extsprintf","https://github.com/davepacheco/node-extsprintf/raw/master/LICENSE","UNDEFINED"
"fastparse@1.1.1","MIT","https://github.com/webpack/fastparse","https://github.com/webpack/fastparse","UNDEFINED"
"file-loader@0.9.0","MIT","https://github.com/webpack/file-loader","https://github.com/webpack/file-loader","UNDEFINED"
"filename-regex@2.0.0","MIT","https://github.com/regexps/filename-regex","https://github.com/regexps/filename-regex/blob/master/LICENSE-MIT","UNDEFINED"
"fill-range@2.2.3","MIT","https://github.com/jonschlinkert/fill-range","https://github.com/jonschlinkert/fill-range/raw/master/LICENSE","UNDEFINED"
"find-cache-dir@0.1.1","MIT","https://github.com/jamestalmage/find-cache-dir","https://github.com/jamestalmage/find-cache-dir/raw/master/license","UNDEFINED"
"find-up@1.1.2","MIT","https://github.com/sindresorhus/find-up","https://github.com/sindresorhus/find-up/raw/master/license","UNDEFINED"
"flatten@1.0.2","MIT","https://github.com/jesusabdullah/node-flatten","https://github.com/jesusabdullah/node-flatten/raw/master/LICENSE","UNDEFINED"
"follow-redirects@1.0.0","MIT","https://github.com/olalonde/follow-redirects","https://github.com/olalonde/follow-redirects","UNDEFINED"
"for-in@1.0.2","MIT","https://github.com/jonschlinkert/for-in","https://github.com/jonschlinkert/for-in/raw/master/LICENSE","UNDEFINED"
"for-own@0.1.5","MIT","https://github.com/jonschlinkert/for-own","https://github.com/jonschlinkert/for-own/raw/master/LICENSE","UNDEFINED"
"foreach@2.0.5","MIT","https://github.com/manuelstofer/foreach","https://github.com/manuelstofer/foreach/raw/master/LICENSE","UNDEFINED"
"forever-agent@0.6.1","Apache-2.0","https://github.com/mikeal/forever-agent","https://github.com/mikeal/forever-agent/raw/master/LICENSE","UNDEFINED"
"form-data@2.1.2","MIT","https://github.com/form-data/form-data","https://github.com/form-data/form-data/raw/master/License","UNDEFINED"
"fraction.js@4.0.0","MIT OR GPL-2.0","https://github.com/infusion/Fraction.js","https://github.com/infusion/Fraction.js","UNDEFINED"
"fs-extra@0.26.7","MIT","https://github.com/jprichardson/node-fs-extra","https://github.com/jprichardson/node-fs-extra/raw/master/LICENSE","UNDEFINED"
"fs.realpath@1.0.0","ISC","https://github.com/isaacs/fs.realpath","https://github.com/isaacs/fs.realpath/raw/master/LICENSE","UNDEFINED"
"fsevents@1.1.1","MIT","https://github.com/strongloop/fsevents","https://github.com/strongloop/fsevents/raw/master/LICENSE","UNDEFINED"
"fstream-ignore@1.0.5","ISC","https://github.com/isaacs/fstream-ignore","https://github.com/isaacs/fstream-ignore/raw/master/LICENSE","fsevents"
"fstream@1.0.10","ISC","https://github.com/npm/fstream","https://github.com/npm/fstream/raw/master/LICENSE","fsevents"
"fstream@1.0.11","ISC","https://github.com/npm/fstream","https://github.com/npm/fstream/raw/master/LICENSE","UNDEFINED"
"function-bind@1.1.0","MIT","https://github.com/Raynos/function-bind","http://github.com/Raynos/function-bind/raw/master/LICENSE","UNDEFINED"
"gauge@2.7.3","ISC","https://github.com/iarna/gauge","https://github.com/iarna/gauge/raw/master/LICENSE","UNDEFINED"
"gaze@1.1.2","MIT","https://github.com/shama/gaze","https://github.com/shama/gaze/raw/master/LICENSE-MIT","UNDEFINED"
"generate-function@2.0.0","MIT","https://github.com/mafintosh/generate-function","https://github.com/mafintosh/generate-function","fsevents"
"generate-object-property@1.2.0","MIT","https://github.com/mafintosh/generate-object-property","https://github.com/mafintosh/generate-object-property/raw/master/LICENSE","fsevents"
"get-caller-file@1.0.2","ISC","https://github.com/stefanpenner/get-caller-file","https://github.com/stefanpenner/get-caller-file","UNDEFINED"
"get-stdin@4.0.1","MIT","https://github.com/sindresorhus/get-stdin","https://github.com/sindresorhus/get-stdin","UNDEFINED"
"getpass@0.1.6","MIT","https://github.com/arekinath/node-getpass","https://github.com/arekinath/node-getpass/raw/master/LICENSE","UNDEFINED"
"glob-base@0.3.0","MIT","https://github.com/jonschlinkert/glob-base","https://github.com/jonschlinkert/glob-base/blob/master/LICENSE","UNDEFINED"
"glob-parent@2.0.0","ISC","https://github.com/es128/glob-parent","https://github.com/es128/glob-parent/raw/master/LICENSE","UNDEFINED"
"glob@5.0.15","ISC","https://github.com/isaacs/node-glob","https://github.com/isaacs/node-glob/raw/master/LICENSE","UNDEFINED"
"glob@6.0.4","ISC","https://github.com/isaacs/node-glob","https://github.com/isaacs/node-glob/raw/master/LICENSE","UNDEFINED"
"glob@7.1.1","ISC","https://github.com/isaacs/node-glob","https://github.com/isaacs/node-glob/raw/master/LICENSE","UNDEFINED"
"globals@9.17.0","MIT","https://github.com/sindresorhus/globals","https://github.com/sindresorhus/globals/raw/master/license","UNDEFINED"
"globule@1.1.0","MIT","https://github.com/cowboy/node-globule","https://github.com/cowboy/node-globule/raw/master/LICENSE","UNDEFINED"
"graceful-fs@4.1.11","ISC","https://github.com/isaacs/node-graceful-fs","https://github.com/isaacs/node-graceful-fs/raw/master/LICENSE","UNDEFINED"
"graceful-readlink@1.0.1","MIT","https://github.com/zhiyelee/graceful-readlink","https://github.com/zhiyelee/graceful-readlink/raw/master/LICENSE","UNDEFINED"
"har-schema@1.0.5","ISC","https://github.com/ahmadnassri/har-schema","https://github.com/ahmadnassri/har-schema/raw/master/LICENSE","UNDEFINED"
"har-validator@2.0.6","ISC","https://github.com/ahmadnassri/har-validator","https://github.com/ahmadnassri/har-validator/raw/master/LICENSE","fsevents"
"har-validator@4.2.1","ISC","https://github.com/ahmadnassri/har-validator","https://github.com/ahmadnassri/har-validator/raw/master/LICENSE","UNDEFINED"
"has-ansi@2.0.0","MIT","https://github.com/sindresorhus/has-ansi","https://github.com/sindresorhus/has-ansi/raw/master/license","UNDEFINED"
"has-flag@1.0.0","MIT","https://github.com/sindresorhus/has-flag","https://github.com/sindresorhus/has-flag/raw/master/license","UNDEFINED"
"has-unicode@2.0.1","ISC","https://github.com/iarna/has-unicode","https://github.com/iarna/has-unicode/raw/master/LICENSE","UNDEFINED"
"has@1.0.1","MIT","https://github.com/tarruda/has","https://github.com/tarruda/has/blob/master/LICENSE-MIT","UNDEFINED"
"hash-sum@1.0.2","MIT","https://github.com/bevacqua/hash-sum","https://github.com/bevacqua/hash-sum/raw/master/license","UNDEFINED"
"hawk@3.1.3","BSD-3-Clause","https://github.com/hueniverse/hawk","https://github.com/hueniverse/hawk/raw/master/LICENSE","UNDEFINED"
"he@1.1.1","MIT","https://github.com/mathiasbynens/he","https://github.com/mathiasbynens/he/raw/master/LICENSE-MIT.txt","UNDEFINED"
"header-case@1.0.1","MIT","https://github.com/blakeembrey/header-case","https://github.com/blakeembrey/header-case/raw/master/LICENSE","UNDEFINED"
"hoek@2.16.3","BSD-3-Clause","https://github.com/hapijs/hoek","https://github.com/hapijs/hoek/raw/master/LICENSE","UNDEFINED"
"home-or-tmp@2.0.0","MIT","https://github.com/sindresorhus/home-or-tmp","https://github.com/sindresorhus/home-or-tmp/raw/master/license","UNDEFINED"
"hosted-git-info@2.4.1","ISC","https://github.com/npm/hosted-git-info","https://github.com/npm/hosted-git-info/raw/master/LICENSE","UNDEFINED"
"html-comment-regex@1.1.1","MIT","https://github.com/stevemao/html-comment-regex","https://github.com/stevemao/html-comment-regex","UNDEFINED"
"html-minifier@2.1.7","MIT","https://github.com/kangax/html-minifier","https://github.com/kangax/html-minifier/raw/master/LICENSE","UNDEFINED"
"http-signature@1.1.1","MIT","https://github.com/joyent/node-http-signature","https://github.com/joyent/node-http-signature/raw/master/LICENSE","UNDEFINED"
"https-browserify@0.0.1","MIT","https://github.com/substack/https-browserify","https://github.com/substack/https-browserify/raw/master/LICENSE","UNDEFINED"
"iconv-lite@0.4.15","MIT","https://github.com/ashtuchkin/iconv-lite","https://github.com/ashtuchkin/iconv-lite/raw/master/LICENSE","UNDEFINED"
"icss-replace-symbols@1.0.2","ISC","https://github.com/css-modules/icss-replace-symbols","https://github.com/css-modules/icss-replace-symbols","UNDEFINED"
"ieee754@1.1.8","BSD-3-Clause","https://github.com/feross/ieee754","https://github.com/feross/ieee754/raw/master/LICENSE","UNDEFINED"
"in-publish@2.0.0","ISC","https://github.com/iarna/in-publish","https://github.com/iarna/in-publish/raw/master/LICENSE","UNDEFINED"
"indent-string@2.1.0","MIT","https://github.com/sindresorhus/indent-string","https://github.com/sindresorhus/indent-string/raw/master/license","UNDEFINED"
"indexes-of@1.0.1","MIT","https://github.com/dominictarr/indexes-of","https://github.com/dominictarr/indexes-of/raw/master/LICENSE","UNDEFINED"
"indexof@0.0.1","MIT*","","","UNDEFINED"
"inflight@1.0.6","ISC","https://github.com/npm/inflight","https://github.com/npm/inflight/raw/master/LICENSE","UNDEFINED"
"inherits@2.0.1","ISC","https://github.com/isaacs/inherits","https://github.com/isaacs/inherits/raw/master/LICENSE","UNDEFINED"
"inherits@2.0.3","ISC","https://github.com/isaacs/inherits","https://github.com/isaacs/inherits/raw/master/LICENSE","UNDEFINED"
"ini@1.3.4","ISC","https://github.com/isaacs/ini","https://github.com/isaacs/ini/raw/master/LICENSE","fsevents"
"interpret@0.6.6","MIT","https://github.com/tkellen/node-interpret","https://github.com/tkellen/node-interpret/raw/master/LICENSE","UNDEFINED"
"invariant@2.2.2","BSD-3-Clause","https://github.com/zertosh/invariant","https://github.com/zertosh/invariant/raw/master/LICENSE","UNDEFINED"
"invert-kv@1.0.0","MIT","https://github.com/sindresorhus/invert-kv","https://github.com/sindresorhus/invert-kv","UNDEFINED"
"is-absolute-url@2.1.0","MIT","https://github.com/sindresorhus/is-absolute-url","https://github.com/sindresorhus/is-absolute-url/raw/master/license","UNDEFINED"
"is-arrayish@0.2.1","MIT","https://github.com/qix-/node-is-arrayish","https://github.com/qix-/node-is-arrayish/raw/master/LICENSE","UNDEFINED"
"is-binary-path@1.0.1","MIT","https://github.com/sindresorhus/is-binary-path","https://github.com/sindresorhus/is-binary-path/raw/master/license","UNDEFINED"
"is-buffer@1.1.5","MIT","https://github.com/feross/is-buffer","https://github.com/feross/is-buffer/raw/master/LICENSE","UNDEFINED"
"is-builtin-module@1.0.0","MIT","https://github.com/sindresorhus/is-builtin-module","https://github.com/sindresorhus/is-builtin-module/raw/master/license","UNDEFINED"
"is-dotfile@1.0.2","MIT","https://github.com/jonschlinkert/is-dotfile","https://github.com/jonschlinkert/is-dotfile/raw/master/LICENSE","UNDEFINED"
"is-equal-shallow@0.1.3","MIT","https://github.com/jonschlinkert/is-equal-shallow","https://github.com/jonschlinkert/is-equal-shallow/raw/master/LICENSE","UNDEFINED"
"is-extendable@0.1.1","MIT","https://github.com/jonschlinkert/is-extendable","https://github.com/jonschlinkert/is-extendable/raw/master/LICENSE","UNDEFINED"
"is-extglob@1.0.0","MIT","https://github.com/jonschlinkert/is-extglob","https://github.com/jonschlinkert/is-extglob/raw/master/LICENSE","UNDEFINED"
"is-finite@1.0.2","MIT","https://github.com/sindresorhus/is-finite","https://github.com/sindresorhus/is-finite/raw/master/license","UNDEFINED"
"is-fullwidth-code-point@1.0.0","MIT","https://github.com/sindresorhus/is-fullwidth-code-point","https://github.com/sindresorhus/is-fullwidth-code-point/raw/master/license","UNDEFINED"
"is-glob@2.0.1","MIT","https://github.com/jonschlinkert/is-glob","https://github.com/jonschlinkert/is-glob/raw/master/LICENSE","UNDEFINED"
"is-lower-case@1.1.3","MIT","https://github.com/blakeembrey/is-lower-case","https://github.com/blakeembrey/is-lower-case/raw/master/LICENSE","UNDEFINED"
"is-my-json-valid@2.15.0","MIT","https://github.com/mafintosh/is-my-json-valid","https://github.com/mafintosh/is-my-json-valid/raw/master/LICENSE","fsevents"
"is-number@2.1.0","MIT","https://github.com/jonschlinkert/is-number","https://github.com/jonschlinkert/is-number/raw/master/LICENSE","UNDEFINED"
"is-plain-obj@1.1.0","MIT","https://github.com/sindresorhus/is-plain-obj","https://github.com/sindresorhus/is-plain-obj/raw/master/license","UNDEFINED"
"is-posix-bracket@0.1.1","MIT","https://github.com/jonschlinkert/is-posix-bracket","https://github.com/jonschlinkert/is-posix-bracket/raw/master/LICENSE","UNDEFINED"
"is-primitive@2.0.0","MIT","https://github.com/jonschlinkert/is-primitive","https://github.com/jonschlinkert/is-primitive/blob/master/LICENSE","UNDEFINED"
"is-property@1.0.2","MIT","https://github.com/mikolalysenko/is-property","https://github.com/mikolalysenko/is-property/raw/master/LICENSE","fsevents"
"is-svg@2.1.0","MIT","https://github.com/sindresorhus/is-svg","https://github.com/sindresorhus/is-svg/raw/master/license","UNDEFINED"
"is-typedarray@1.0.0","MIT","https://github.com/hughsk/is-typedarray","https://github.com/hughsk/is-typedarray/raw/master/LICENSE.md","UNDEFINED"
"is-upper-case@1.1.2","MIT","https://github.com/blakeembrey/is-upper-case","https://github.com/blakeembrey/is-upper-case/raw/master/LICENSE","UNDEFINED"
"is-utf8@0.2.1","MIT","https://github.com/wayfind/is-utf8","https://github.com/wayfind/is-utf8/raw/master/LICENSE","UNDEFINED"
"isarray@1.0.0","MIT","https://github.com/juliangruber/isarray","https://github.com/juliangruber/isarray","UNDEFINED"
"isexe@2.0.0","ISC","https://github.com/isaacs/isexe","https://github.com/isaacs/isexe/raw/master/LICENSE","UNDEFINED"
"isobject@2.1.0","MIT","https://github.com/jonschlinkert/isobject","https://github.com/jonschlinkert/isobject/raw/master/LICENSE","UNDEFINED"
"isstream@0.1.2","MIT","https://github.com/rvagg/isstream","https://github.com/rvagg/isstream/raw/master/LICENSE.md","UNDEFINED"
"jodid25519@1.0.2","MIT","https://github.com/meganz/jodid25519","https://github.com/meganz/jodid25519/raw/master/LICENSE","UNDEFINED"
"js-base64@2.1.9","BSD","https://github.com/dankogai/js-base64","https://github.com/dankogai/js-base64/raw/master/LICENSE.md","UNDEFINED"
"js-tokens@3.0.1","MIT","https://github.com/lydell/js-tokens","https://github.com/lydell/js-tokens/raw/master/LICENSE","UNDEFINED"
"js-yaml@3.7.0","MIT","https://github.com/nodeca/js-yaml","https://github.com/nodeca/js-yaml/raw/master/LICENSE","UNDEFINED"
"jsbn@0.1.1","MIT","https://github.com/andyperlitch/jsbn","https://github.com/andyperlitch/jsbn/raw/master/LICENSE","UNDEFINED"
"jsesc@0.5.0","MIT","https://github.com/mathiasbynens/jsesc","http://mths.be/mit","UNDEFINED"
"jsesc@1.3.0","MIT","https://github.com/mathiasbynens/jsesc","https://github.com/mathiasbynens/jsesc/raw/master/LICENSE-MIT.txt","UNDEFINED"
"json-schema@0.2.3","AFLv2.1,BSD","http://github.com/kriszyp/json-schema","http://trac.dojotoolkit.org/browser/dojo/trunk/LICENSE#L43,http://trac.dojotoolkit.org/browser/dojo/trunk/LICENSE#L13","UNDEFINED"
"json-stable-stringify@1.0.1","MIT","https://github.com/substack/json-stable-stringify","https://github.com/substack/json-stable-stringify/raw/master/LICENSE","UNDEFINED"
"json-stringify-safe@5.0.1","ISC","https://github.com/isaacs/json-stringify-safe","https://github.com/isaacs/json-stringify-safe/raw/master/LICENSE","UNDEFINED"
"json5@0.5.1","MIT","https://github.com/aseemk/json5","https://github.com/aseemk/json5/raw/master/LICENSE.md","UNDEFINED"
"jsonfile@2.4.0","MIT","https://github.com/jprichardson/node-jsonfile","https://github.com/jprichardson/node-jsonfile/raw/master/LICENSE","UNDEFINED"
"jsonify@0.0.0","Public Domain","http://github.com/substack/jsonify","http://github.com/substack/jsonify","UNDEFINED"
"jsonpointer@4.0.1","MIT","https://github.com/janl/node-jsonpointer","https://github.com/janl/node-jsonpointer/raw/master/LICENSE.md","fsevents"
"jsprim@1.3.1","MIT","https://github.com/davepacheco/node-jsprim","https://github.com/davepacheco/node-jsprim/raw/master/LICENSE","fsevents"
"jsprim@1.4.0","MIT","https://github.com/joyent/node-jsprim","https://github.com/joyent/node-jsprim/raw/master/LICENSE","UNDEFINED"
"jstransform@11.0.3","BSD-3-Clause","https://github.com/facebook/jstransform","https://github.com/facebook/jstransform/raw/master/LICENSE","UNDEFINED"
"kind-of@3.1.0","MIT","https://github.com/jonschlinkert/kind-of","https://github.com/jonschlinkert/kind-of/raw/master/LICENSE","UNDEFINED"
"klaw@1.3.1","MIT","https://github.com/jprichardson/node-klaw","https://github.com/jprichardson/node-klaw/raw/master/LICENSE","UNDEFINED"
"lazy-cache@1.0.4","MIT","https://github.com/jonschlinkert/lazy-cache","https://github.com/jonschlinkert/lazy-cache/raw/master/LICENSE","UNDEFINED"
"lcid@1.0.0","MIT","https://github.com/sindresorhus/lcid","https://github.com/sindresorhus/lcid/raw/master/license","UNDEFINED"
"load-json-file@1.1.0","MIT","https://github.com/sindresorhus/load-json-file","https://github.com/sindresorhus/load-json-file/raw/master/license","UNDEFINED"
"loader-utils@0.2.17","MIT","https://github.com/webpack/loader-utils","https://github.com/webpack/loader-utils/raw/master/LICENSE","UNDEFINED"
"loader-utils@1.1.0","MIT","https://github.com/webpack/loader-utils","https://github.com/webpack/loader-utils/raw/master/LICENSE","UNDEFINED"
"lodash._createcompounder@3.0.0","MIT","https://github.com/lodash/lodash","https://github.com/lodash/lodash/raw/master/LICENSE.txt","UNDEFINED"
"lodash._root@3.0.1","MIT","https://github.com/lodash/lodash","https://github.com/lodash/lodash/raw/master/LICENSE","UNDEFINED"
"lodash.assign@4.2.0","MIT","https://github.com/lodash/lodash","https://github.com/lodash/lodash/raw/master/LICENSE","UNDEFINED"
"lodash.camelcase@3.0.1","MIT","https://github.com/lodash/lodash","https://github.com/lodash/lodash/raw/master/LICENSE.txt","UNDEFINED"
"lodash.clonedeep@4.5.0","MIT","https://github.com/lodash/lodash","https://github.com/lodash/lodash/raw/master/LICENSE","UNDEFINED"
"lodash.deburr@3.2.0","MIT","https://github.com/lodash/lodash","https://github.com/lodash/lodash/raw/master/LICENSE","UNDEFINED"
"lodash.memoize@4.1.2","MIT","https://github.com/lodash/lodash","https://github.com/lodash/lodash/raw/master/LICENSE","UNDEFINED"
"lodash.uniq@4.5.0","MIT","https://github.com/lodash/lodash","https://github.com/lodash/lodash/raw/master/LICENSE","UNDEFINED"
"lodash.words@3.2.0","MIT","https://github.com/lodash/lodash","https://github.com/lodash/lodash/raw/master/LICENSE","UNDEFINED"
"lodash@4.16.6","MIT","https://github.com/lodash/lodash","https://github.com/lodash/lodash/raw/master/LICENSE","UNDEFINED"
"lodash@4.17.4","MIT","https://github.com/lodash/lodash","https://github.com/lodash/lodash/raw/master/LICENSE","UNDEFINED"
"longest@1.0.1","MIT","https://github.com/jonschlinkert/longest","https://github.com/jonschlinkert/longest/blob/master/LICENSE","UNDEFINED"
"loose-envify@1.3.1","MIT","https://github.com/zertosh/loose-envify","https://github.com/zertosh/loose-envify/raw/master/LICENSE","UNDEFINED"
"loud-rejection@1.6.0","MIT","https://github.com/sindresorhus/loud-rejection","https://github.com/sindresorhus/loud-rejection/raw/master/license","UNDEFINED"
"lower-case-first@1.0.2","MIT","https://github.com/blakeembrey/lower-case-first","https://github.com/blakeembrey/lower-case-first/raw/master/LICENSE","UNDEFINED"
"lower-case@1.1.4","MIT","https://github.com/blakeembrey/lower-case","https://github.com/blakeembrey/lower-case/raw/master/LICENSE","UNDEFINED"
"lru-cache@2.7.3","ISC","https://github.com/isaacs/node-lru-cache","https://github.com/isaacs/node-lru-cache/raw/master/LICENSE","UNDEFINED"
"lru-cache@4.0.2","ISC","https://github.com/isaacs/node-lru-cache","https://github.com/isaacs/node-lru-cache/raw/master/LICENSE","UNDEFINED"
"macaddress@0.2.8","MIT","https://github.com/scravy/node-macaddress","https://github.com/scravy/node-macaddress","UNDEFINED"
"map-obj@1.0.1","MIT","https://github.com/sindresorhus/map-obj","https://github.com/sindresorhus/map-obj/raw/master/license","UNDEFINED"
"math-expression-evaluator@1.2.16","MIT","https://github.com/redhivesoftware/math-expression-evaluator#readme","https://github.com/redhivesoftware/math-expression-evaluator#readme/raw/master/LICENSE","UNDEFINED"
"mathjs@3.10.1","Apache-2.0","https://github.com/josdejong/mathjs","https://github.com/josdejong/mathjs/raw/master/LICENSE","UNDEFINED"
"memory-fs@0.2.0","MIT","https://github.com/webpack/memory-fs","https://github.com/webpack/memory-fs","UNDEFINED"
"memory-fs@0.3.0","MIT","https://github.com/webpack/memory-fs","https://github.com/webpack/memory-fs","UNDEFINED"
"meow@3.7.0","MIT","https://github.com/sindresorhus/meow","https://github.com/sindresorhus/meow/raw/master/license","UNDEFINED"
"micromatch@2.3.11","MIT","https://github.com/jonschlinkert/micromatch","https://github.com/jonschlinkert/micromatch/raw/master/LICENSE","UNDEFINED"
"mime-db@1.26.0","MIT","https://github.com/jshttp/mime-db","https://github.com/jshttp/mime-db/raw/master/LICENSE","fsevents"
"mime-db@1.27.0","MIT","https://github.com/jshttp/mime-db","https://github.com/jshttp/mime-db/raw/master/LICENSE","UNDEFINED"
"mime-types@2.1.14","MIT","https://github.com/jshttp/mime-types","https://github.com/jshttp/mime-types/raw/master/LICENSE","fsevents"
"mime-types@2.1.15","MIT","https://github.com/jshttp/mime-types","https://github.com/jshttp/mime-types/raw/master/LICENSE","UNDEFINED"
"mime@1.3.4","MIT","https://github.com/broofa/node-mime","https://raw.github.com/broofa/node-mime/master/LICENSE","UNDEFINED"
"minimatch@3.0.3","ISC","https://github.com/isaacs/minimatch","https://github.com/isaacs/minimatch/raw/master/LICENSE","UNDEFINED"
"minimist@0.0.10","MIT","https://github.com/substack/minimist","https://github.com/substack/minimist/raw/master/LICENSE","UNDEFINED"
"minimist@0.0.8","MIT","https://github.com/substack/minimist","https://github.com/substack/minimist/raw/master/LICENSE","UNDEFINED"
"minimist@1.2.0","MIT","https://github.com/substack/minimist","https://github.com/substack/minimist/raw/master/LICENSE","UNDEFINED"
"mkdirp@0.5.1","MIT","https://github.com/substack/node-mkdirp","https://github.com/substack/node-mkdirp/raw/master/LICENSE","UNDEFINED"
"ms@0.7.1","UNKNOWN","https://github.com/guille/ms.js","https://github.com/guille/ms.js/raw/master/LICENSE","fsevents"
"ms@0.7.2","MIT","https://github.com/zeit/ms","https://github.com/zeit/ms/raw/master/LICENSE.md","UNDEFINED"
"nan@2.5.1","MIT","https://github.com/nodejs/nan","https://github.com/nodejs/nan/raw/master/LICENSE.md","UNDEFINED"
"ncname@1.0.0","MIT","https://github.com/sindresorhus/ncname","https://github.com/sindresorhus/ncname","UNDEFINED"
"no-case@2.3.1","MIT","https://github.com/blakeembrey/no-case","https://github.com/blakeembrey/no-case/raw/master/LICENSE","UNDEFINED"
"node-dir@0.1.16","MIT","https://github.com/fshost/node-dir","https://github.com/fshost/node-dir/raw/master/LICENSE.txt","UNDEFINED"
"node-gyp@3.6.0","MIT","https://github.com/nodejs/node-gyp","https://github.com/nodejs/node-gyp/raw/master/LICENSE","UNDEFINED"
"node-libs-browser@0.7.0","MIT","https://github.com/webpack/node-libs-browser","https://github.com/webpack/node-libs-browser","UNDEFINED"
"node-pre-gyp@0.6.33","BSD-3-Clause","https://github.com/mapbox/node-pre-gyp","https://github.com/mapbox/node-pre-gyp/raw/master/LICENSE","fsevents"
"node-sass@3.13.1","MIT","https://github.com/sass/node-sass","https://github.com/sass/node-sass/raw/master/LICENSE","UNDEFINED"
"nopt@3.0.6","ISC","https://github.com/npm/nopt","https://github.com/npm/nopt/raw/master/LICENSE","UNDEFINED"
"normalize-package-data@2.3.6","BSD-2-Clause","https://github.com/npm/normalize-package-data","https://github.com/npm/normalize-package-data/raw/master/LICENSE","UNDEFINED"
"normalize-path@2.1.1","MIT","https://github.com/jonschlinkert/normalize-path","https://github.com/jonschlinkert/normalize-path/raw/master/LICENSE","UNDEFINED"
"normalize-range@0.1.2","MIT","https://github.com/jamestalmage/normalize-range","https://github.com/jamestalmage/normalize-range/raw/master/license","UNDEFINED"
"normalize-url@1.9.1","MIT","https://github.com/sindresorhus/normalize-url","https://github.com/sindresorhus/normalize-url/raw/master/license","UNDEFINED"
"npmlog@4.0.2","ISC","https://github.com/npm/npmlog","https://github.com/npm/npmlog/raw/master/LICENSE","UNDEFINED"
"num2fraction@1.2.2","MIT","https://github.com/yisibl/num2fraction","https://github.com/yisibl/num2fraction/raw/master/LICENSE","UNDEFINED"
"number-is-nan@1.0.1","MIT","https://github.com/sindresorhus/number-is-nan","https://github.com/sindresorhus/number-is-nan/raw/master/license","UNDEFINED"
"oauth-sign@0.8.2","Apache-2.0","https://github.com/mikeal/oauth-sign","https://github.com/mikeal/oauth-sign/raw/master/LICENSE","UNDEFINED"
"object-assign@2.1.1","MIT","https://github.com/sindresorhus/object-assign","https://github.com/sindresorhus/object-assign/raw/master/license","UNDEFINED"
"object-assign@4.1.1","MIT","https://github.com/sindresorhus/object-assign","https://github.com/sindresorhus/object-assign/raw/master/license","UNDEFINED"
"object-keys@1.0.11","MIT","https://github.com/ljharb/object-keys","https://github.com/ljharb/object-keys/raw/master/LICENSE","UNDEFINED"
"object.omit@2.0.1","MIT","https://github.com/jonschlinkert/object.omit","https://github.com/jonschlinkert/object.omit/raw/master/LICENSE","UNDEFINED"
"once@1.3.3","ISC","https://github.com/isaacs/once","https://github.com/isaacs/once/raw/master/LICENSE","tar-pack:fsevents"
"once@1.4.0","ISC","https://github.com/isaacs/once","https://github.com/isaacs/once/raw/master/LICENSE","UNDEFINED"
"optimist@0.6.1","MIT/X11","http://github.com/substack/node-optimist","http://github.com/substack/node-optimist/raw/master/LICENSE","UNDEFINED"
"os-browserify@0.2.1","MIT","http://github.com/CoderPuppy/os-browserify","http://github.com/CoderPuppy/os-browserify/raw/master/LICENSE","UNDEFINED"
"os-homedir@1.0.2","MIT","https://github.com/sindresorhus/os-homedir","https://github.com/sindresorhus/os-homedir/raw/master/license","UNDEFINED"
"os-locale@1.4.0","MIT","https://github.com/sindresorhus/os-locale","https://github.com/sindresorhus/os-locale/raw/master/license","UNDEFINED"
"os-tmpdir@1.0.2","MIT","https://github.com/sindresorhus/os-tmpdir","https://github.com/sindresorhus/os-tmpdir/raw/master/license","UNDEFINED"
"osenv@0.1.4","ISC","https://github.com/npm/osenv","https://github.com/npm/osenv/raw/master/LICENSE","UNDEFINED"
"pako@0.2.9","MIT","https://github.com/nodeca/pako","https://github.com/nodeca/pako/raw/master/LICENSE","UNDEFINED"
"param-case@2.1.1","MIT","https://github.com/blakeembrey/param-case","https://github.com/blakeembrey/param-case/raw/master/LICENSE","UNDEFINED"
"parse-glob@3.0.4","MIT","https://github.com/jonschlinkert/parse-glob","https://github.com/jonschlinkert/parse-glob/raw/master/LICENSE","UNDEFINED"
"parse-json@2.2.0","MIT","https://github.com/sindresorhus/parse-json","https://github.com/sindresorhus/parse-json/raw/master/license","UNDEFINED"
"parse5@2.2.3","MIT","https://github.com/inikulin/parse5","https://github.com/inikulin/parse5/raw/master/LICENSE","UNDEFINED"
"pascal-case@2.0.1","MIT","https://github.com/blakeembrey/pascal-case","https://github.com/blakeembrey/pascal-case/raw/master/LICENSE","UNDEFINED"
"path-browserify@0.0.0","MIT","https://github.com/substack/path-browserify","https://github.com/substack/path-browserify/raw/master/LICENSE","UNDEFINED"
"path-case@2.1.1","MIT","https://github.com/blakeembrey/path-case","https://github.com/blakeembrey/path-case/raw/master/LICENSE","UNDEFINED"
"path-exists@2.1.0","MIT","https://github.com/sindresorhus/path-exists","https://github.com/sindresorhus/path-exists/raw/master/license","UNDEFINED"
"path-is-absolute@1.0.1","MIT","https://github.com/sindresorhus/path-is-absolute","https://github.com/sindresorhus/path-is-absolute/raw/master/license","UNDEFINED"
"path-type@1.1.0","MIT","https://github.com/sindresorhus/path-type","https://github.com/sindresorhus/path-type/raw/master/license","UNDEFINED"
"pbkdf2-compat@2.0.1","MIT","https://github.com/dcousens/pbkdf2-compat","https://github.com/dcousens/pbkdf2-compat/raw/master/LICENSE","UNDEFINED"
"performance-now@0.2.0","MIT","https://github.com/meryn/performance-now","https://github.com/meryn/performance-now/raw/master/license.txt","UNDEFINED"
"pify@2.3.0","MIT","https://github.com/sindresorhus/pify","https://github.com/sindresorhus/pify/raw/master/license","UNDEFINED"
"pinkie-promise@2.0.1","MIT","https://github.com/floatdrop/pinkie-promise","https://github.com/floatdrop/pinkie-promise/raw/master/license","UNDEFINED"
"pinkie@2.0.4","MIT","https://github.com/floatdrop/pinkie","https://github.com/floatdrop/pinkie/raw/master/license","UNDEFINED"
"pkg-dir@1.0.0","MIT","https://github.com/sindresorhus/pkg-dir","https://github.com/sindresorhus/pkg-dir/raw/master/license","UNDEFINED"
"postcss-calc@5.3.1","MIT","https://github.com/postcss/postcss-calc","https://github.com/postcss/postcss-calc/raw/master/LICENSE","UNDEFINED"
"postcss-colormin@2.2.2","MIT","https://github.com/ben-eb/postcss-colormin","https://github.com/ben-eb/postcss-colormin/raw/master/LICENSE-MIT","UNDEFINED"
"postcss-convert-values@2.6.1","MIT","https://github.com/ben-eb/postcss-convert-values","https://github.com/ben-eb/postcss-convert-values/raw/master/LICENSE-MIT","UNDEFINED"
"postcss-discard-comments@2.0.4","MIT","https://github.com/ben-eb/postcss-discard-comments","https://github.com/ben-eb/postcss-discard-comments/raw/master/LICENSE-MIT","UNDEFINED"
"postcss-discard-duplicates@2.1.0","MIT","https://github.com/ben-eb/postcss-discard-duplicates","https://github.com/ben-eb/postcss-discard-duplicates/raw/master/LICENSE-MIT","UNDEFINED"
"postcss-discard-empty@2.1.0","MIT","https://github.com/ben-eb/postcss-discard-empty","https://github.com/ben-eb/postcss-discard-empty/raw/master/LICENSE-MIT","UNDEFINED"
"postcss-discard-overridden@0.1.1","MIT","https://github.com/Justineo/postcss-discard-overridden","https://github.com/Justineo/postcss-discard-overridden/raw/master/LICENSE","UNDEFINED"
"postcss-discard-unused@2.2.3","MIT","https://github.com/ben-eb/postcss-discard-unused","https://github.com/ben-eb/postcss-discard-unused/raw/master/LICENSE-MIT","UNDEFINED"
"postcss-filter-plugins@2.0.2","MIT","https://github.com/postcss/postcss-filter-plugins","https://github.com/postcss/postcss-filter-plugins/raw/master/LICENSE-MIT","UNDEFINED"
"postcss-merge-idents@2.1.7","MIT","https://github.com/ben-eb/postcss-merge-idents","https://github.com/ben-eb/postcss-merge-idents/raw/master/LICENSE-MIT","UNDEFINED"
"postcss-merge-longhand@2.0.2","MIT","https://github.com/ben-eb/postcss-merge-longhand","https://github.com/ben-eb/postcss-merge-longhand/raw/master/LICENSE-MIT","UNDEFINED"
"postcss-merge-rules@2.1.2","MIT","https://github.com/ben-eb/postcss-merge-rules","https://github.com/ben-eb/postcss-merge-rules/raw/master/LICENSE-MIT","UNDEFINED"
"postcss-message-helpers@2.0.0","MIT","https://github.com/MoOx/postcss-message-helpers","https://github.com/MoOx/postcss-message-helpers/raw/master/LICENSE","UNDEFINED"
"postcss-minify-font-values@1.0.5","MIT","https://github.com/TrySound/postcss-minify-font-values","https://github.com/TrySound/postcss-minify-font-values/raw/master/LICENSE","UNDEFINED"
"postcss-minify-gradients@1.0.5","MIT","https://github.com/ben-eb/postcss-minify-gradients","https://github.com/ben-eb/postcss-minify-gradients/raw/master/LICENSE-MIT","UNDEFINED"
"postcss-minify-params@1.2.2","MIT","https://github.com/ben-eb/postcss-minify-params","https://github.com/ben-eb/postcss-minify-params/raw/master/LICENSE","UNDEFINED"
"postcss-minify-selectors@2.1.1","MIT","https://github.com/ben-eb/postcss-minify-selectors","https://github.com/ben-eb/postcss-minify-selectors/raw/master/LICENSE-MIT","UNDEFINED"
"postcss-modules-extract-imports@1.0.1","ISC","https://github.com/css-modules/postcss-modules-extract-imports","https://github.com/css-modules/postcss-modules-extract-imports","UNDEFINED"
"postcss-modules-local-by-default@1.1.1","MIT","https://github.com/css-modules/postcss-modules-local-by-default","https://github.com/css-modules/postcss-modules-local-by-default/raw/master/LICENSE","UNDEFINED"
"postcss-modules-scope@1.0.2","ISC","https://github.com/geelen/postcss-modules-scope","https://github.com/geelen/postcss-modules-scope","UNDEFINED"
"postcss-modules-values@1.2.2","ISC","https://github.com/css-modules/postcss-modules-constants","https://github.com/css-modules/postcss-modules-constants","UNDEFINED"
"postcss-normalize-charset@1.1.1","MIT","https://github.com/ben-eb/postcss-charset","https://github.com/ben-eb/postcss-charset/raw/master/LICENSE","UNDEFINED"
"postcss-normalize-url@3.0.8","MIT","https://github.com/ben-eb/postcss-normalize-url","https://github.com/ben-eb/postcss-normalize-url/raw/master/LICENSE-MIT","UNDEFINED"
"postcss-ordered-values@2.2.3","MIT","https://github.com/ben-eb/postcss-ordered-values","https://github.com/ben-eb/postcss-ordered-values/raw/master/LICENSE-MIT","UNDEFINED"
"postcss-reduce-idents@2.4.0","MIT","https://github.com/ben-eb/postcss-reduce-idents","https://github.com/ben-eb/postcss-reduce-idents/raw/master/LICENSE-MIT","UNDEFINED"
"postcss-reduce-initial@1.0.1","MIT","https://github.com/ben-eb/postcss-reduce-initial","https://github.com/ben-eb/postcss-reduce-initial/raw/master/LICENSE-MIT","UNDEFINED"
"postcss-reduce-transforms@1.0.4","MIT","https://github.com/ben-eb/postcss-reduce-transforms","https://github.com/ben-eb/postcss-reduce-transforms/raw/master/LICENSE-MIT","UNDEFINED"
"postcss-selector-parser@1.3.3","MIT","https://github.com/postcss/postcss-selector-parser","https://github.com/postcss/postcss-selector-parser/raw/master/LICENSE-MIT","UNDEFINED"
"postcss-selector-parser@2.2.3","MIT","https://github.com/postcss/postcss-selector-parser","https://github.com/postcss/postcss-selector-parser/raw/master/LICENSE-MIT","UNDEFINED"
"postcss-svgo@2.1.6","MIT","https://github.com/ben-eb/postcss-svgo","https://github.com/ben-eb/postcss-svgo/raw/master/LICENSE-MIT","UNDEFINED"
"postcss-unique-selectors@2.0.2","MIT","https://github.com/ben-eb/postcss-unique-selectors","https://github.com/ben-eb/postcss-unique-selectors/raw/master/LICENSE-MIT","UNDEFINED"
"postcss-value-parser@3.3.0","MIT","https://github.com/TrySound/postcss-value-parser","https://github.com/TrySound/postcss-value-parser/raw/master/LICENSE","UNDEFINED"
"postcss-zindex@2.2.0","MIT","https://github.com/ben-eb/postcss-zindex","https://github.com/ben-eb/postcss-zindex/raw/master/LICENSE-MIT","UNDEFINED"
"postcss@5.2.16","MIT","https://github.com/postcss/postcss","https://github.com/postcss/postcss/raw/master/LICENSE","UNDEFINED"
"power-assert-context-formatter@1.1.1","MIT","https://github.com/twada/power-assert-runtime","https://github.com/twada/power-assert-runtime","UNDEFINED"
"power-assert-context-reducer-ast@1.1.1","MIT","https://github.com/twada/power-assert-runtime","https://github.com/twada/power-assert-runtime","UNDEFINED"
"power-assert-context-traversal@1.1.1","MIT","https://github.com/twada/power-assert-runtime","https://github.com/twada/power-assert-runtime","UNDEFINED"
"power-assert-formatter@1.4.1","MIT","https://github.com/power-assert-js/power-assert-formatter","https://github.com/power-assert-js/power-assert-formatter/raw/master/MIT-LICENSE.txt","UNDEFINED"
"power-assert-renderer-assertion@1.1.1","MIT","https://github.com/twada/power-assert-runtime","https://github.com/twada/power-assert-runtime","UNDEFINED"
"power-assert-renderer-base@1.1.1","MIT","https://github.com/twada/power-assert-runtime","https://github.com/twada/power-assert-runtime","UNDEFINED"
"power-assert-renderer-comparison@1.1.1","MIT","https://github.com/twada/power-assert-runtime","https://github.com/twada/power-assert-runtime","UNDEFINED"
"power-assert-renderer-diagram@1.1.1","MIT","https://github.com/twada/power-assert-runtime","https://github.com/twada/power-assert-runtime","UNDEFINED"
"power-assert-renderer-file@1.1.1","MIT","https://github.com/twada/power-assert-runtime","https://github.com/twada/power-assert-runtime","UNDEFINED"
"power-assert-util-string-width@1.1.1","MIT","https://github.com/twada/power-assert-runtime","https://github.com/twada/power-assert-runtime","UNDEFINED"
"power-assert@1.4.2","MIT","https://github.com/power-assert-js/power-assert","https://github.com/power-assert-js/power-assert/raw/master/MIT-LICENSE.txt","UNDEFINED"
"prepend-http@1.0.4","MIT","https://github.com/sindresorhus/prepend-http","https://github.com/sindresorhus/prepend-http/raw/master/license","UNDEFINED"
"preserve@0.2.0","MIT","https://github.com/jonschlinkert/preserve","https://github.com/jonschlinkert/preserve/blob/master/LICENSE-MIT","UNDEFINED"
"private@0.1.7","MIT","https://github.com/benjamn/private","https://github.com/benjamn/private/raw/master/LICENSE","UNDEFINED"
"process-nextick-args@1.0.7","MIT","https://github.com/calvinmetcalf/process-nextick-args","https://github.com/calvinmetcalf/process-nextick-args/raw/master/license.md","UNDEFINED"
"process@0.11.9","MIT","https://github.com/shtylman/node-process","https://github.com/shtylman/node-process/raw/master/LICENSE","UNDEFINED"
"prr@0.0.0","MIT","https://github.com/rvagg/prr","https://github.com/rvagg/prr/raw/master/LICENSE","UNDEFINED"
"pseudomap@1.0.2","ISC","https://github.com/isaacs/pseudomap","https://github.com/isaacs/pseudomap/raw/master/LICENSE","UNDEFINED"
"punycode@1.3.2","MIT","https://github.com/bestiejs/punycode.js","https://github.com/bestiejs/punycode.js/raw/master/LICENSE-MIT.txt","UNDEFINED"
"punycode@1.4.1","MIT","https://github.com/bestiejs/punycode.js","https://github.com/bestiejs/punycode.js/raw/master/LICENSE-MIT.txt","UNDEFINED"
"q@1.5.0","MIT","https://github.com/kriskowal/q","https://github.com/kriskowal/q/raw/master/LICENSE","UNDEFINED"
"qs@6.3.1","BSD-3-Clause","https://github.com/ljharb/qs","https://github.com/ljharb/qs/raw/master/LICENSE","fsevents"
"qs@6.4.0","BSD-3-Clause","https://github.com/ljharb/qs","https://github.com/ljharb/qs/raw/master/LICENSE","UNDEFINED"
"query-string@4.3.2","MIT","https://github.com/sindresorhus/query-string","https://github.com/sindresorhus/query-string/raw/master/license","UNDEFINED"
"querystring-es3@0.2.1","MIT","https://github.com/mike-spainhower/querystring","https://github.com/Gozala/enchain/License.md","UNDEFINED"
"querystring@0.2.0","MIT","https://github.com/Gozala/querystring","https://github.com/Gozala/enchain/License.md","UNDEFINED"
"randomatic@1.1.6","MIT","https://github.com/jonschlinkert/randomatic","https://github.com/jonschlinkert/randomatic/raw/master/LICENSE","UNDEFINED"
"rc@1.1.7","(BSD-2-Clause OR MIT OR Apache-2.0)","https://github.com/dominictarr/rc","https://github.com/dominictarr/rc/raw/master/LICENSE.APACHE2","fsevents"
"read-pkg-up@1.0.1","MIT","https://github.com/sindresorhus/read-pkg-up","https://github.com/sindresorhus/read-pkg-up/raw/master/license","UNDEFINED"
"read-pkg@1.1.0","MIT","https://github.com/sindresorhus/read-pkg","https://github.com/sindresorhus/read-pkg/raw/master/license","UNDEFINED"
"readable-stream@2.1.5","MIT","https://github.com/nodejs/readable-stream","https://github.com/nodejs/readable-stream/raw/master/LICENSE","tar-pack:fsevents"
"readable-stream@2.2.2","MIT","https://github.com/nodejs/readable-stream","https://github.com/nodejs/readable-stream/raw/master/LICENSE","fsevents"
"readable-stream@2.2.6","MIT","https://github.com/nodejs/readable-stream","https://github.com/nodejs/readable-stream/raw/master/LICENSE","UNDEFINED"
"readdirp@2.1.0","MIT","https://github.com/thlorenz/readdirp","https://github.com/thlorenz/readdirp/raw/master/LICENSE","UNDEFINED"
"recast@0.11.23","MIT","https://github.com/benjamn/recast","https://github.com/benjamn/recast/raw/master/LICENSE","UNDEFINED"
"redent@1.0.0","MIT","https://github.com/sindresorhus/redent","https://github.com/sindresorhus/redent/raw/master/license","UNDEFINED"
"reduce-css-calc@1.3.0","MIT","https://github.com/MoOx/reduce-css-calc","https://github.com/MoOx/reduce-css-calc/raw/master/LICENSE","UNDEFINED"
"reduce-function-call@1.0.2","MIT","https://github.com/MoOx/reduce-function-call","https://github.com/MoOx/reduce-function-call/raw/master/LICENSE","UNDEFINED"
"regenerate@1.3.2","MIT","https://github.com/mathiasbynens/regenerate","https://github.com/mathiasbynens/regenerate/raw/master/LICENSE-MIT.txt","UNDEFINED"
"regenerator-runtime@0.10.3","MIT","https://github.com/facebook/regenerator/tree/master/packages/regenerator-runtime","https://github.com/facebook/regenerator/tree/master/packages/regenerator-runtime","UNDEFINED"
"regenerator-transform@0.9.8","BSD","https://github.com/facebook/regenerator/tree/master/packages/regenerator-transform","https://github.com/facebook/regenerator/tree/master/packages/regenerator-transform","UNDEFINED"
"regex-cache@0.4.3","MIT","https://github.com/jonschlinkert/regex-cache","https://github.com/jonschlinkert/regex-cache/raw/master/LICENSE","UNDEFINED"
"regexpu-core@1.0.0","MIT","https://github.com/mathiasbynens/regexpu-core","https://github.com/mathiasbynens/regexpu-core/raw/master/LICENSE-MIT.txt","UNDEFINED"
"regexpu-core@2.0.0","MIT","https://github.com/mathiasbynens/regexpu-core","https://github.com/mathiasbynens/regexpu-core/raw/master/LICENSE-MIT.txt","UNDEFINED"
"regjsgen@0.2.0","MIT","https://github.com/d10/regjsgen","https://github.com/d10/regjsgen/raw/master/LICENSE.txt","UNDEFINED"
"regjsparser@0.1.5","BSD","https://github.com/jviereck/regjsparser","https://github.com/jviereck/regjsparser/raw/master/LICENSE.BSD","UNDEFINED"
"relateurl@0.2.7","MIT","https://github.com/stevenvachon/relateurl","https://github.com/stevenvachon/relateurl/raw/master/license","UNDEFINED"
"remove-trailing-separator@1.0.1","ISC","https://github.com/darsain/remove-trailing-separator","https://github.com/darsain/remove-trailing-separator/raw/master/license","UNDEFINED"
"repeat-element@1.1.2","MIT","https://github.com/jonschlinkert/repeat-element","https://github.com/jonschlinkert/repeat-element/blob/master/LICENSE","UNDEFINED"
"repeat-string@1.6.1","MIT","https://github.com/jonschlinkert/repeat-string","https://github.com/jonschlinkert/repeat-string/raw/master/LICENSE","UNDEFINED"
"repeating@2.0.1","MIT","https://github.com/sindresorhus/repeating","https://github.com/sindresorhus/repeating/raw/master/license","UNDEFINED"
"request@2.79.0","Apache-2.0","https://github.com/request/request","https://github.com/request/request/raw/master/LICENSE","fsevents"
"request@2.81.0","Apache-2.0","https://github.com/request/request","https://github.com/request/request/raw/master/LICENSE","UNDEFINED"
"require-directory@2.1.1","MIT","https://github.com/troygoode/node-require-directory","https://github.com/troygoode/node-require-directory/raw/master/LICENSE","UNDEFINED"
"require-main-filename@1.0.1","ISC","https://github.com/yargs/require-main-filename","https://github.com/yargs/require-main-filename/raw/master/LICENSE.txt","UNDEFINED"
"right-align@0.1.3","MIT","https://github.com/jonschlinkert/right-align","https://github.com/jonschlinkert/right-align/raw/master/LICENSE","UNDEFINED"
"rimraf@2.5.4","ISC","https://github.com/isaacs/rimraf","https://github.com/isaacs/rimraf/raw/master/LICENSE","fsevents"
"rimraf@2.6.1","ISC","https://github.com/isaacs/rimraf","https://github.com/isaacs/rimraf/raw/master/LICENSE","UNDEFINED"
"ripemd160@0.2.0","UNKNOWN","https://github.com/cryptocoinjs/ripemd160","https://github.com/cryptocoinjs/ripemd160","UNDEFINED"
"safe-buffer@5.0.1","MIT","https://github.com/feross/safe-buffer","https://github.com/feross/safe-buffer/raw/master/LICENSE","UNDEFINED"
"sass-graph@2.1.2","MIT","https://github.com/xzyfer/sass-graph","https://github.com/xzyfer/sass-graph","UNDEFINED"
"sass-loader@4.1.1","MIT","https://github.com/jtangelder/sass-loader","https://github.com/jtangelder/sass-loader/raw/master/LICENSE","UNDEFINED"
"sax@1.2.2","ISC","https://github.com/isaacs/sax-js","https://github.com/isaacs/sax-js/raw/master/LICENSE","UNDEFINED"
"seed-random@2.2.0","MIT","https://github.com/ForbesLindesay/seed-random","https://github.com/ForbesLindesay/seed-random/raw/master/LICENSE","UNDEFINED"
"semver@5.3.0","ISC","https://github.com/npm/node-semver","https://github.com/npm/node-semver/raw/master/LICENSE","UNDEFINED"
"sentence-case@2.1.1","MIT","https://github.com/blakeembrey/sentence-case","https://github.com/blakeembrey/sentence-case/raw/master/LICENSE","UNDEFINED"
"set-blocking@2.0.0","ISC","https://github.com/yargs/set-blocking","https://github.com/yargs/set-blocking/raw/master/LICENSE.txt","UNDEFINED"
"set-immediate-shim@1.0.1","MIT","https://github.com/sindresorhus/set-immediate-shim","https://github.com/sindresorhus/set-immediate-shim","UNDEFINED"
"setimmediate@1.0.5","MIT","https://github.com/YuzuJS/setImmediate","https://github.com/YuzuJS/setImmediate/raw/master/LICENSE.txt","UNDEFINED"
"sha.js@2.2.6","MIT","https://github.com/dominictarr/sha.js","https://github.com/dominictarr/sha.js/raw/master/LICENSE","UNDEFINED"
"signal-exit@3.0.2","ISC","https://github.com/tapjs/signal-exit","https://github.com/tapjs/signal-exit/raw/master/LICENSE.txt","UNDEFINED"
"slash@1.0.0","MIT","https://github.com/sindresorhus/slash","https://github.com/sindresorhus/slash","UNDEFINED"
"snake-case@2.1.0","MIT","https://github.com/blakeembrey/snake-case","https://github.com/blakeembrey/snake-case/raw/master/LICENSE","UNDEFINED"
"sntp@1.0.9","BSD","https://github.com/hueniverse/sntp","http://github.com/hueniverse/sntp/raw/master/LICENSE","UNDEFINED"
"sort-keys@1.1.2","MIT","https://github.com/sindresorhus/sort-keys","https://github.com/sindresorhus/sort-keys/raw/master/license","UNDEFINED"
"source-list-map@0.1.8","MIT","https://github.com/webpack/source-list-map","https://github.com/webpack/source-list-map","UNDEFINED"
"source-map-support@0.4.14","MIT","https://github.com/evanw/node-source-map-support","https://github.com/evanw/node-source-map-support/raw/master/LICENSE.md","UNDEFINED"
"source-map@0.4.4","BSD-3-Clause","http://github.com/mozilla/source-map","http://github.com/mozilla/source-map","UNDEFINED"
"source-map@0.5.6","BSD-3-Clause","http://github.com/mozilla/source-map","http://github.com/mozilla/source-map/raw/master/LICENSE","UNDEFINED"
"spdx-correct@1.0.2","Apache-2.0","https://github.com/kemitchell/spdx-correct.js","https://github.com/kemitchell/spdx-correct.js/raw/master/LICENSE","UNDEFINED"
"spdx-expression-parse@1.0.4","(MIT AND CC-BY-3.0)","https://github.com/kemitchell/spdx-expression-parse.js","https://github.com/kemitchell/spdx-expression-parse.js/raw/master/LICENSE","UNDEFINED"
"spdx-license-ids@1.2.2","Unlicense","https://github.com/shinnn/spdx-license-ids","https://github.com/shinnn/spdx-license-ids/raw/master/LICENSE","UNDEFINED"
"sprintf-js@1.0.3","BSD-3-Clause","https://github.com/alexei/sprintf.js","https://github.com/alexei/sprintf.js/raw/master/LICENSE","UNDEFINED"
"sshpk@1.10.2","MIT","https://github.com/arekinath/node-sshpk","https://github.com/arekinath/node-sshpk/raw/master/LICENSE","fsevents"
"sshpk@1.11.0","MIT","https://github.com/arekinath/node-sshpk","https://github.com/arekinath/node-sshpk/raw/master/LICENSE","UNDEFINED"
"stream-browserify@2.0.1","MIT","https://github.com/substack/stream-browserify","https://github.com/substack/stream-browserify/raw/master/LICENSE","UNDEFINED"
"stream-http@2.6.3","MIT","https://github.com/jhiesey/stream-http","https://github.com/jhiesey/stream-http/raw/master/LICENSE","UNDEFINED"
"strict-uri-encode@1.1.0","MIT","https://github.com/kevva/strict-uri-encode","https://github.com/kevva/strict-uri-encode/raw/master/license","UNDEFINED"
"string-width@1.0.2","MIT","https://github.com/sindresorhus/string-width","https://github.com/sindresorhus/string-width/raw/master/license","UNDEFINED"
"string_decoder@0.10.31","MIT","https://github.com/rvagg/string_decoder","https://github.com/rvagg/string_decoder/raw/master/LICENSE","UNDEFINED"
"stringifier@1.3.0","MIT","https://github.com/twada/stringifier","https://github.com/twada/stringifier","UNDEFINED"
"stringstream@0.0.5","MIT","https://github.com/mhart/StringStream","https://github.com/mhart/StringStream/raw/master/LICENSE.txt","UNDEFINED"
"strip-ansi@3.0.1","MIT","https://github.com/chalk/strip-ansi","https://github.com/chalk/strip-ansi/raw/master/license","UNDEFINED"
"strip-bom@2.0.0","MIT","https://github.com/sindresorhus/strip-bom","https://github.com/sindresorhus/strip-bom/raw/master/license","UNDEFINED"
"strip-indent@1.0.1","MIT","https://github.com/sindresorhus/strip-indent","https://github.com/sindresorhus/strip-indent/raw/master/license","UNDEFINED"
"strip-json-comments@2.0.1","MIT","https://github.com/sindresorhus/strip-json-comments","https://github.com/sindresorhus/strip-json-comments/raw/master/license","fsevents"
"style-loader@0.13.2","MIT","https://github.com/webpack/style-loader","https://github.com/webpack/style-loader/raw/master/LICENSE","UNDEFINED"
"supports-color@2.0.0","MIT","https://github.com/chalk/supports-color","https://github.com/chalk/supports-color/raw/master/license","UNDEFINED"
"supports-color@3.2.3","MIT","https://github.com/chalk/supports-color","https://github.com/chalk/supports-color/raw/master/license","UNDEFINED"
"svgo@0.7.2","MIT","https://github.com/svg/svgo","https://github.com/svg/svgo/raw/master/LICENSE","UNDEFINED"
"swap-case@1.1.2","MIT","https://github.com/blakeembrey/swap-case","https://github.com/blakeembrey/swap-case/raw/master/LICENSE","UNDEFINED"
"sync-exec@0.6.2","MIT","https://github.com/gvarsanyi/sync-exec","https://github.com/gvarsanyi/sync-exec/raw/master/LICENSE","UNDEFINED"
"tapable@0.1.10","MIT","http://github.com/webpack/tapable","http://github.com/webpack/tapable","UNDEFINED"
"tar-pack@3.3.0","BSD-2-Clause","https://github.com/ForbesLindesay/tar-pack","https://github.com/ForbesLindesay/tar-pack/raw/master/LICENSE","fsevents"
"tar@2.2.1","ISC","https://github.com/isaacs/node-tar","https://github.com/isaacs/node-tar/raw/master/LICENSE","UNDEFINED"
"through@2.3.8","MIT","https://github.com/dominictarr/through","https://github.com/dominictarr/through/raw/master/LICENSE.APACHE2","UNDEFINED"
"timers-browserify@2.0.2","MIT","https://github.com/jryans/timers-browserify","https://github.com/jryans/timers-browserify/blob/master/LICENSE.md","UNDEFINED"
"tiny-emitter@1.0.2","MIT","https://github.com/scottcorgan/tiny-emitter","https://github.com/scottcorgan/tiny-emitter","UNDEFINED"
"title-case@2.1.1","MIT","https://github.com/blakeembrey/title-case","https://github.com/blakeembrey/title-case/raw/master/LICENSE","UNDEFINED"
"to-arraybuffer@1.0.1","MIT","https://github.com/jhiesey/to-arraybuffer","https://github.com/jhiesey/to-arraybuffer/raw/master/LICENSE","UNDEFINED"
"to-fast-properties@1.0.2","MIT","https://github.com/sindresorhus/to-fast-properties","https://github.com/sindresorhus/to-fast-properties/raw/master/license","UNDEFINED"
"tough-cookie@2.3.2","BSD-3-Clause","https://github.com/salesforce/tough-cookie","https://github.com/salesforce/tough-cookie/raw/master/LICENSE","UNDEFINED"
"traverse@0.6.6","MIT","https://github.com/substack/js-traverse","https://github.com/substack/js-traverse/raw/master/LICENSE","UNDEFINED"
"trim-newlines@1.0.0","MIT","https://github.com/sindresorhus/trim-newlines","https://github.com/sindresorhus/trim-newlines/raw/master/license","UNDEFINED"
"trim-right@1.0.1","MIT","https://github.com/sindresorhus/trim-right","https://github.com/sindresorhus/trim-right/raw/master/license","UNDEFINED"
"tty-browserify@0.0.0","MIT","https://github.com/substack/tty-browserify","https://github.com/substack/tty-browserify/raw/master/LICENSE","UNDEFINED"
"tunnel-agent@0.4.3","Apache-2.0","https://github.com/mikeal/tunnel-agent","https://github.com/mikeal/tunnel-agent/raw/master/LICENSE","fsevents"
"tunnel-agent@0.6.0","Apache-2.0","https://github.com/mikeal/tunnel-agent","https://github.com/mikeal/tunnel-agent/raw/master/LICENSE","UNDEFINED"
"tweetnacl@0.14.5","Unlicense","https://github.com/dchest/tweetnacl-js","https://github.com/dchest/tweetnacl-js/raw/master/LICENSE","UNDEFINED"
"type-name@2.0.2","MIT","https://github.com/twada/type-name","https://github.com/twada/type-name/raw/master/LICENSE","UNDEFINED"
"typed-function@0.10.5","UNKNOWN","https://github.com/josdejong/typed-function","https://github.com/josdejong/typed-function/raw/master/LICENSE","UNDEFINED"
"uglify-js@2.6.4","BSD-2-Clause","https://github.com/mishoo/UglifyJS2","https://github.com/mishoo/UglifyJS2/raw/master/LICENSE","UNDEFINED"
"uglify-js@2.7.5","BSD-2-Clause","https://github.com/mishoo/UglifyJS2","https://github.com/mishoo/UglifyJS2/raw/master/LICENSE","UNDEFINED"
"uglify-to-browserify@1.0.2","MIT","https://github.com/ForbesLindesay/uglify-to-browserify","https://github.com/ForbesLindesay/uglify-to-browserify/raw/master/LICENSE","UNDEFINED"
"ui-dna@0.0.1","LGPL","","","UNDEFINED"
"uid-number@0.0.6","ISC","https://github.com/isaacs/uid-number","https://github.com/isaacs/uid-number/raw/master/LICENSE","fsevents"
"uniq@1.0.1","MIT","https://github.com/mikolalysenko/uniq","https://github.com/mikolalysenko/uniq/raw/master/LICENSE","UNDEFINED"
"uniqid@4.1.1","MIT","https://github.com/adamhalasz/uniqid","https://github.com/adamhalasz/uniqid","UNDEFINED"
"uniqs@2.0.0","MIT","https://github.com/fgnass/uniqs","https://github.com/fgnass/uniqs","UNDEFINED"
"universal-deep-strict-equal@1.2.2","MIT","https://github.com/twada/universal-deep-strict-equal","https://github.com/twada/universal-deep-strict-equal","UNDEFINED"
"upper-case-first@1.1.2","MIT","https://github.com/blakeembrey/upper-case-first","https://github.com/blakeembrey/upper-case-first/raw/master/LICENSE","UNDEFINED"
"upper-case@1.1.3","MIT","https://github.com/blakeembrey/upper-case","https://github.com/blakeembrey/upper-case/raw/master/LICENSE","UNDEFINED"
"url-loader@0.5.8","MIT","https://github.com/webpack/url-loader","https://github.com/webpack/url-loader/raw/master/LICENSE","UNDEFINED"
"url@0.11.0","MIT","https://github.com/defunctzombie/node-url","https://github.com/defunctzombie/node-url/raw/master/LICENSE","UNDEFINED"
"util-deprecate@1.0.2","MIT","https://github.com/TooTallNate/util-deprecate","https://github.com/TooTallNate/util-deprecate/raw/master/LICENSE","UNDEFINED"
"util@0.10.3","MIT","https://github.com/defunctzombie/node-util","https://github.com/defunctzombie/node-util/raw/master/LICENSE","UNDEFINED"
"uuid@3.0.1","MIT","https://github.com/kelektiv/node-uuid","https://github.com/kelektiv/node-uuid/raw/master/LICENSE.md","UNDEFINED"
"validate-npm-package-license@3.0.1","Apache-2.0","https://github.com/kemitchell/validate-npm-package-license.js","https://github.com/kemitchell/validate-npm-package-license.js/raw/master/LICENSE","UNDEFINED"
"vendors@1.0.1","MIT","https://github.com/wooorm/vendors","https://github.com/wooorm/vendors/raw/master/LICENSE","UNDEFINED"
"verror@1.3.6","UNKNOWN","https://github.com/davepacheco/node-verror","https://github.com/davepacheco/node-verror/raw/master/LICENSE","UNDEFINED"
"vm-browserify@0.0.4","MIT","http://github.com/substack/vm-browserify","http://github.com/substack/vm-browserify/raw/master/LICENSE","UNDEFINED"
"vue-html-loader@1.2.4","MIT","https://github.com/vuejs/vue-html-loader","https://github.com/vuejs/vue-html-loader","UNDEFINED"
"vue-loader@8.7.0","MIT","https://github.com/vuejs/vue-loader","https://github.com/vuejs/vue-loader/raw/master/LICENSE","UNDEFINED"
"vue-style-loader@1.0.0","MIT","https://github.com/vuejs/vue-style-loader","https://github.com/vuejs/vue-style-loader","UNDEFINED"
"vue-template-validator@1.1.5","MIT","https://github.com/vuejs/vue-template-validator","https://github.com/vuejs/vue-template-validator","UNDEFINED"
"vue@1.0.28","MIT","https://github.com/vuejs/vue","https://github.com/vuejs/vue/raw/master/LICENSE","UNDEFINED"
"watchpack@0.2.9","MIT","https://github.com/webpack/watchpack","https://github.com/webpack/watchpack","UNDEFINED"
"webpack-core@0.6.9","MIT","https://github.com/webpack/core","http://www.opensource.org/licenses/mit-license.php","UNDEFINED"
"webpack@1.14.0","MIT","https://github.com/webpack/webpack","https://github.com/webpack/webpack/raw/master/LICENSE","UNDEFINED"
"whet.extend@0.9.9","MIT","https://github.com/Meettya/whet.extend","https://github.com/Meettya/whet.extend/raw/master/LICENSE","UNDEFINED"
"which-module@1.0.0","ISC","https://github.com/nexdrew/which-module","https://github.com/nexdrew/which-module/raw/master/LICENSE","UNDEFINED"
"which@1.2.14","ISC","https://github.com/isaacs/node-which","https://github.com/isaacs/node-which/raw/master/LICENSE","UNDEFINED"
"wide-align@1.1.0","ISC","https://github.com/iarna/wide-align","https://github.com/iarna/wide-align/raw/master/LICENSE","UNDEFINED"
"window-size@0.1.0","MIT","https://github.com/jonschlinkert/window-size","https://github.com/jonschlinkert/window-size/blob/master/LICENSE-MIT","UNDEFINED"
"window-size@0.2.0","MIT","https://github.com/jonschlinkert/window-size","https://github.com/jonschlinkert/window-size/raw/master/LICENSE","UNDEFINED"
"wordwrap@0.0.2","MIT/X11","https://github.com/substack/node-wordwrap","https://github.com/substack/node-wordwrap","UNDEFINED"
"wordwrap@0.0.3","MIT","https://github.com/substack/node-wordwrap","https://github.com/substack/node-wordwrap/raw/master/LICENSE","UNDEFINED"
"wrap-ansi@2.1.0","MIT","https://github.com/chalk/wrap-ansi","https://github.com/chalk/wrap-ansi/raw/master/license","UNDEFINED"
"wrappy@1.0.2","ISC","https://github.com/npm/wrappy","https://github.com/npm/wrappy/raw/master/LICENSE","UNDEFINED"
"xml-char-classes@1.0.0","MIT","https://github.com/sindresorhus/xml-char-classes","https://github.com/sindresorhus/xml-char-classes","UNDEFINED"
"xtend@4.0.1","MIT","https://github.com/Raynos/xtend","https://github.com/Raynos/xtend/raw/master/LICENCE","UNDEFINED"
"y18n@3.2.1","ISC","https://github.com/yargs/y18n","https://github.com/yargs/y18n/raw/master/LICENSE","UNDEFINED"
"yallist@2.1.2","ISC","https://github.com/isaacs/yallist","https://github.com/isaacs/yallist/raw/master/LICENSE","UNDEFINED"
"yargs-parser@2.4.1","ISC","https://github.com/yargs/yargs-parser","https://github.com/yargs/yargs-parser/raw/master/LICENSE.txt","UNDEFINED"
"yargs@3.10.0","MIT","http://github.com/bcoe/yargs","http://github.com/bcoe/yargs/raw/master/LICENSE","UNDEFINED"
"yargs@4.8.1","MIT","http://github.com/yargs/yargs","http://github.com/yargs/yargs/raw/master/LICENSE","UNDEFINED"